codice_articolo,descrizione,categoria,fornitore
ACQDIREZIONE,ACQUISTI DIREZIONE,PROPDIRE,BELLAGAIA SRL
ACQNETTO,ACQUISTO SUPERMERCATO NETTO,PROPDIRE,AMALFI SEI ESSE SRL
ATT.AHK.00001,FILO STENDIBIANCHERIA MM5,AT.HSK,GIACINTO DI PALMA
ATT.ASB.00001,PORTA GHIACCIO,AT.SALA,CARICO INIZIALE
ATT.ASB.00002,PINZA PLASTICA PER GHIACCIO,AT.SALA,CARICO INIZIALE
ATT.ATB.00001,TAPPETO PER SPIAGGIA VERDE 110X55M,AT.SPIAG,BRASIO MIRKO VINCENZO
ATT.ATC.00002,VENTILATORE,AT.CAMER,NINNI SRL
ATT.ATH.00001,LAVASCIUGA I-MOP LITE COMPLETO,AT.HSK,FORAGGIO SRL
ATT.ATH.00002,KIT DISCO PER I-MOP LITE BLU 1CFX2PZ,AT.HSK,FORAGGIO SRL
ATT.ATH.00003,LAVASCIUGA I-MOP XL PRO,AT.HSK,FORAGGIO SRL
ATT.ATH.00004,BATTERIA POWER14 DESTRA PER I-MOP,AT.HSK,FORAGGIO SRL
ATT.ATH.00005,CARICABATTERIA SUPER 3P EU,AT.HSK,FORAGGIO SRL
ATT.ATH.00006,DISCO SINGOLO PER I-MOP,AT.HSK,FORAGGIO SRL
ATT.ATH.00007,DISCO ABRASIVO ROSSO I-MOP XL,AT.HSK,FORAGGIO SRL
ATT.ATH.00008,ICLEAN PRO TERSANO,AT.HSK,FORAGGIO SRL
ATT.ATM.00002,TENAGLIA,AT.MANUT,GIACINTO DI PALMA
ATT.ATM.00003,OCCHIALI DA LAVORO,AT.MANUT,GIACINTO DI PALMA
ATT.ATS.00004,TANICA CON RUBINETTO 20LT,AT.HSK,GIACINTO DI PALMA
BE.ACQ.000001,ACQUA FERRARELLE 75CL X 12 VAR,ACQUA,FABBROCINO MICHELE SRL
BE.ACQ.000002,"ACQUA ROCCHETTA 1,5LT X 6",ACQUA,FABBROCINO MICHELE SRL
BE.ACQU000001,ACQUA FERRARELLE 75CLX12 VAR,ACQUA,FABBROCINO MICHELE SRL
BE.ACQU000002,"ACQUA ROCCHETTA 1,5LT X 6",ACQUA,FABBROCINO MICHELE SRL
BE.AMA.000001,AMARO FERNET BRANCA,AMARI,FABBROCINO MICHELE SRL
BE.AMAR000001,FERNET BRANCA,AMARI,FABBROCINO MICHELE SRL
BE.APE.000001,SAN BITTER BIANCO 10CL X 40,APERITIV,FABBROCINO MICHELE SRL
BE.APE.000002,CAMPARI BITTER,APERITIV,FABBROCINO MICHELE SRL
BE.APE.000003,APEROL,APERITIV,FABBROCINO MICHELE SRL
BE.APE.000004,CRODINO 10CL X 48,APERITIV,FABBROCINO MICHELE SRL
BE.APE.000005,CAMPARI SODA 10CL X 50 VAP,APERITIV,FABBROCINO MICHELE SRL
BE.BIR.000001,BIRRA NASTO AZZURRO 33CL X 24 VAP,BIRRE,FABBROCINO MICHELE SRL
BE.BIR.000002,BIRRA HEINEKEN 33CL X 24 VAP,BIRRE,FABBROCINO MICHELE SRL
BE.BIR.000003,BIRRA NASTRO AZZURRO 33CL X 24 LATTINA,BIRRE,FABBROCINO MICHELE SRL
BE.BOL.000001,PROSECCO TERRA SERENA 75CL X 6,VINBOLL,FABBROCINO MICHELE SRL
BEV.ACQ.00002,ACQUA ROCCHETTA 1.5LT X 6,ACQUA,CARICO INIZIALE
BEV.ACQ.00003,ACQUA FRIZZANTE SVEVA 1L X 6,ACQUA,FABBROCINO MICHELE SRL
BEV.ACQ.00007,ACQUA LILIA 1.5LT X 12,ACQUA,CARICO INIZIALE
BEV.AMA.00003,AMARO SAN MARZANO BORSCI 70CL,AMARI,CARICO INIZIALE
BEV.AMA.00008,AMARO CYNAR 1LT,AMARI,FABBROCINO MICHELE SRL
BEV.AMA.00010,AMARO PICON 1LT,AMARI,BELLAGAIA SRL
BEV.APE.00002,CAMPARI BITTER,APERITIV,FABBROCINO MICHELE SRL
BEV.APE.00005,CAMPARI SODA 10CL X 50PZ VAP,APERITIV,FORNITORE PER MODIFICHE ARTICOLI
BEV.BIR.00003,BIRRA NASTRO AZZURRO 33CL X 24 LATTINA,BIRRE,AMALFI SEI ESSE SRL
BEV.BIR.00004,BIRRA TENNENT'S SUPER CL 33X24 VAP,BIRRE,AMALFI SEI ESSE SRL
BEV.BOL.00001,PROSECCO BASE (TERRA SERENA 75CL X 6),VINBOLL,FABBROCINO MICHELE SRL
BEV.BOL.00012,CHAMPAGNE BASE,VINBOLL,BELLAGAIA SRL
BEV.BOL.0003,CHAMPAGNE SECRET DE FAMILLE 75 CL,VINBOLL,BELLAGAIA SRL
BEV.BOL.0004,CHAMPAGNE PREMIERE CUVEE 75 CL,VINBOLL,BELLAGAIA SRL
BEV.BOL.0005,CHAMPAGNE GRANDE RESERVE ROSE 75 CL,VINBOLL,BELLAGAIA SRL
BEV.CAF.00001,"CIALDE CAFFE' DECA, KAROMA 50PZ",CAFFETT,CARICO INIZIALE
BEV.CAF.00008,STEVIA 1CFX20PZ,CAFFETT,CARICO INIZIALE
BEV.CAF.00012,CREMA CAFFE,CAFFETT,DI SARNO COFFE SERVICE(TERMINIELLO ROSA)
BEV.CAF.00026,CAFFE AMERICANO SOLUBILE 500GR X 10,CAFFETT,DI SARNO COFFE SERVICE(TERMINIELLO ROSA)
BEV.CAF.00031,LATTE IN POLVERE PARZIALMENTE SCREMATO,CAFFETT,CARICO INIZIALE
BEV.COG.00001,BRANDY CARDENALL MENDOZA 70CL,COGNBRAN,CARICO INIZIALE
BEV.COG.00006,BRANDY STRAVECCHIO BRANCA 1LT,COGNBRAN,BELLAGAIA SRL
BEV.DIS.00002,GRAPPA BIANCA 1LT,DISTILL,CARICO INIZIALE
BEV.DIS.00003,GRAPPA BARRICATA 1LT,DISTILL,CARICO INIZIALE
BEV.DIS.00007,GRAPPA BARRICATA 18 LUNE 70CL,DISTILL,BELLAGAIA SRL
BEV.DIS.00008,DISTILLATO CALVADOS MORIN 70CL,DISTILL,BELLAGAIA SRL
BEV.DIS.00009,DISTILLATO PISCO BARSOL 70CL,DISTILL,FABBROCINO MICHELE SRL
BEV.DIS.00010,DISTILLATO ASSENZIO ETERNUM 70CL,DISTILL,BELLAGAIA SRL
BEV.DIS.00012,DISTILLATO MEZCAL VIDA DEL MAGUEY,DISTILL,AMAZON
BEV.GIN.00004,GIN BROCKMAN'S,GIN,FABBROCINO MICHELE SRL
BEV.GIN.00009,GIN BULLDOG 1LT,GIN,FABBROCINO MICHELE SRL
BEV.GIN.00013,GIN MONKEY 47 50CL,GIN,FABBROCINO MICHELE SRL
BEV.GUA.00004,CILIEGIE SCIROPPATE X COCKTAIL 6PZX470GR,GUARTOP,BELLAGAIA SRL
BEV.GUA.00005,ANGOSTURA,GUARTOP,CARICO INIZIALE
BEV.GUA.00010,SCIROPPO DI ZUCCHERO,GUARTOP,FABBROCINO MICHELE SRL
BEV.GUA.00024,MONIN PUREA DI PESCA,GUARTOP,AMAZON
BEV.GUA.00030,MONIN PUREA DI FRAGOLA,GUARTOP,AMAZON
BEV.GUA.00040,SCIROPPO ANGURIA MONIN 1LT,GUARTOP,BELLAGAIA SRL
BEV.LIQ.00008,LIQUORE CACAO BIANCO DE KUYPER 70CL,LIQUORI,BELLAGAIA SRL
BEV.LIQ.00010,LIQUORE PIMM'S 70CL,LIQUORI,BELLAGAIA SRL
BEV.LIQ.00011,LIQUORE BAYLE'S,LIQUORI,BELLAGAIA SRL
BEV.LIQ.00017,LIQUORE MIDORI,LIQUORI,CARICO INIZIALE
BEV.LIQ.00018,LIQUORE TRIPLE SEC GIFFARD,LIQUORI,CARICO INIZIALE
BEV.LIQ.00020,LIQUORE GALLIANO 50CL,LIQUORI,FABBROCINO MICHELE SRL
BEV.LIQ.00021,LIQUORE PASSOA,LIQUORI,CARICO INIZIALE
BEV.LIQ.00024,"LIQUORE SAMBUCA MOLINARI 1,5LT",LIQUORI,CARICO INIZIALE
BEV.LIQ.00028,LIQUORE LIMONCELLO MAURIZIO RUSSO LT.1,LIQUORI,CARICO INIZIALE
BEV.LIQ.00029,LIQUORE LIMONCELLO CARLO MANSI 4 CL,LIQUORI,BELLAGAIA SRL
BEV.LIQ.00030,AMARETTO DISARONNO,LIQUORI,FABBROCINO MICHELE SRL
BEV.LIQ.00031,LIQUORE FRAGOLINO 1LT,LIQUORI,CARICO INIZIALE
BEV.LIQ.00033,LIQUORE VERMOUTH LILLET BLANC 75CL,LIQUORI,BELLAGAIA SRL
BEV.LIQ.00034,LIQUORE SELECT 1LT,LIQUORI,FABBROCINO MICHELE SRL
BEV.LIQ.00035,LIQUORE ITALICUS 70CL,LIQUORI,FABBROCINO MICHELE SRL
BEV.LIQ.00036,LIQUORE ST.GERMAIN 70CL,LIQUORI,FABBROCINO MICHELE SRL
BEV.LIQ.00037,LIQUORE DOM BENEDICTINE 70CL,LIQUORI,CARICO INIZIALE
BEV.LIQ.00038,LIQUORE FRANGELICO 70CL,LIQUORI,FABBROCINO MICHELE SRL
BEV.LIQ.00039,LIQUORE PEACH TREE 70CL,LIQUORI,FABBROCINO MICHELE SRL
BEV.LIQ.00041,LIQUORE MARASCHINO LUXARDO 70CL,LIQUORI,BELLAGAIA SRL
BEV.LIQ.00047,LIQUORE CREME DE CASSIS DE KUYPER 70CL,LIQUORI,BELLAGAIA SRL
BEV.LIQ.00048,LIQUORE TRIPLE SEC BOLS,LIQUORI,CARICO INIZIALE
BEV.LIQ.00049,LIQUORE APRICOT BRANDY DE KUYPER 70CL,LIQUORI,BELLAGAIA SRL
BEV.LIQ.00050,LIQUORE ORANGE CURACAO MONIN 70CL,LIQUORI,BELLAGAIA SRL
BEV.LIQ.00051,LIQUORE CHERRY SANGUE MORLACCO 70CL,LIQUORI,BELLAGAIA SRL
BEV.LIQ.00052,LIQUORE CHARTEAUSE GIALLA 70CL,LIQUORI,BELLAGAIA SRL
BEV.LIQ.00054,LIQUORE BRIOTTET MORE 70CL,LIQUORI,BELLAGAIA SRL
BEV.LIQ.00055,LIQUORE ALLA BANANA DE KUYPER 70CL,LIQUORI,BELLAGAIA SRL
BEV.LIQ.00060,LIQUORE PEICHAUD'S 150CL,LIQUORI,BELLAGAIA SRL
BEV.LIQ.00062,LIQUORE CHARTREUSE VERTE 70CL,LIQUORI,BELLAGAIA SRL
BEV.RUM.00015,RUM DIPLOMATICO RESERVE EXCLUSIVA,RUM,FABBROCINO MICHELE SRL
BEV.RUM.00020,RUM SPICE KRAKEN 70CL,RUM,BELLAGAIA SRL
BEV.RUM.00040,RUM SPICED SAILOR JERRY 70CL,RUM,BELLAGAIA SRL
BEV.SOF.00003,SUCCO ARANCIA AMITA 20CL X 24,SOFDRINK,FABBROCINO MICHELE SRL
BEV.SOF.00004,SUCCO MIRTILLO AMITA 20CL X 24,SOFDRINK,FABBROCINO MICHELE SRL
BEV.SOF.00005,SUCCO POMPELMO AMITA 20CL X 24,SOFDRINK,FABBROCINO MICHELE SRL
BEV.SOF.00006,SUCCO ACE AMITA 20CL X 24,SOFDRINK,FABBROCINO MICHELE SRL
BEV.SOF.00007,SUCCO PERA AMITA 20CL X 24,SOFDRINK,FABBROCINO MICHELE SRL
BEV.SOF.00008,SUCCO ANANAS AMITA 20CL X 24,SOFDRINK,FABBROCINO MICHELE SRL
BEV.SOF.00009,SUCCO MELA VERDE AMITA 20CL X 24,SOFDRINK,FABBROCINO MICHELE SRL
BEV.SOF.00010,SUCCO ALBICOCCA AMITA 20CL X 24,SOFDRINK,FABBROCINO MICHELE SRL
BEV.SOF.00016,SCHWEPPES GINGER ALE 18CL X 24,SOFDRINK,FABBROCINO MICHELE SRL
BEV.SOF.00024,SUCCO ARANCIA ROSSA BRICK 1LT,SOFDRINK,AMALFI SEI ESSE SRL
BEV.SOF.00025,SUCCO ARANCIA BIONDA BRICK 1LT,SOFDRINK,FABBROCINO MICHELE SRL
BEV.SOF.00026,SUCCO ANANAS BRICK 1LT,SOFDRINK,CARICO INIZIALE
BEV.SOF.00027,SUCCO POMPELMO BRICK 1LT,SOFDRINK,BELLAGAIA SRL
BEV.SOF.00033,ACQUA TONICA FEVER TREE,SOFDRINK,FORNITORE PER MODIFICHE ARTICOLI
BEV.SOF.00034,FANTA 33CL X 24PZ VAP,SOFDRINK,CARICO INIZIALE
BEV.SOF.00036,SAN BITTER ROSSO 10CL X 40,SOFDRINK,CARICO INIZIALE
BEV.SOF.00039,SUCCO PESCA AMITA 20CLX24PZ,SOFDRINK,FABBROCINO MICHELE SRL
BEV.SOF.00040,GINGER BEER KILNEY 20CLX24 VAP,SOFDRINK,FABBROCINO MICHELE SRL
BEV.SOF.00042,SCHWEPPES TONICA 18CLX24,SOFDRINK,CARICO INIZIALE
BEV.SOF.00046,"SUCCO ARANCIA BIONDA DERBY 1,5LTX6",SOFDRINK,FABBROCINO MICHELE SRL
BEV.SOF.00047,"SUCCO ANANAS DERBY 1,5LTX6",SOFDRINK,FABBROCINO MICHELE SRL
BEV.SOF.00048,SUCCO ARANCIA ROSSA PFANNER 2LT,SOFDRINK,AMALFI SEI ESSE SRL
BEV.SOF.00049,SUCCO ACE BRICK 1LT,SOFDRINK,AMALFI SEI ESSE SRL
BEV.SOF.00050,"SUCCO ARANCIA ROSSA DERBY 1,5LT",SOFDRINK,FABBROCINO MICHELE SRL
BEV.SOF.00053,SCHWEPPES AL LIMONE 18CLX24PZ,SOFDRINK,FABBROCINO MICHELE SRL
BEV.SOF.00054,POWERADE ORANGE 50CLX12PZ PET,SOFDRINK,FABBROCINO MICHELE SRL
BEV.SOF.00055,POWERADE MOUNTAIN BLAST 50CLX12PZ PET,SOFDRINK,FABBROCINO MICHELE SRL
BEV.SOF.00056,SCHWEPPES ARANCIA 18CLX24PZ,SOFDRINK,FABBROCINO MICHELE SRL
BEV.SOF.00057,GRANITA A FRAGOLA,SOFDRINK,DI SARNO COFFE SERVICE(TERMINIELLO ROSA)
BEV.SOF.00065,LEMON SODA CRODO,SOFDRINK,FABBROCINO MICHELE SRL
BEV.SOF.00068,ACQUA BRILLANTE,SOFDRINK,FABBROCINO MICHELE SRL
BEV.VDE.00001,VINO MOSCATO SANTIQUARTA,VINODESS,BELLAGAIA SRL
BEV.VDE.00002,VINO MOSCATO SANTIGUARTA 75CL,VINODESS,FORNITORE PER MODIFICHE ARTICOLI
BEV.VIN.00001,SPUMANTE BERLUCCHI,VINBOLL,FABBROCINO MICHELE SRL
BEV.VIN.00002,VINO BIANCO SAMMARCO 75 CL,VINOBIAN,CASA VINICOLA ETTORE SAMMARCO
BEV.VIN.00003,VINO ROSATO SAMMARCO 75 CL,VINOROSE,CASA VINICOLA ETTORE SAMMARCO
BEV.VIN.00004,VINO ROSSO SAMMARCO 75 CL,VINOROSS,CASA VINICOLA ETTORE SAMMARCO
BEV.VIN.00006,VINO BIANCO IL COLLE IDA GIORDANO,VINOBIAN,CARICO INIZIALE
BEV.VIN.00007,VINO ROSSO JANARE LA GUARDIENZE 75 CL,VINOROSS,CARICO INIZIALE
BEV.VIN.00008,VINO ROSSO FORMICOSO CANTINE ROMANO 75CL,VINOROSS,CARICO INIZIALE
BEV.VIN.00009,VINO FRAGOLINO 1LT,VINOROSS,CARICO INIZIALE
BEV.VIN.00012,VINO BIANCOLELLA ISCHIA 75 CL,VINOBIAN,BELLAGAIA SRL
BEV.VIN.00018,VINO VETTE SAUVIGNON BLANC 75 CL,VINOBIAN,BELLAGAIA SRL
BEV.VIN.00019,VINO PUNTA CROCE DOC 75 CL,VINOBIAN,AZIENDA AGRICOLA BIO PALMA RAFFAELE
BEV.VIN.00027,VINO MONTECORVO DOC 75 CL,VINOROSS,CARICO INIZIALE
BEV.VIN.00028,VINO SALICERCHI DOC 75 CL,VINOROSE,AZIENDA AGRICOLA BIO PALMA RAFFAELE
BEV.VOD.00004,VODKA MELONE KEGLEVICH,VODKA,CARICO INIZIALE
BEV.VOD.00005,VODKA FRAGOLA KEGLEVICH,VODKA,CARICO INIZIALE
BEV.VOD.00006,VODKA PESCA KEGLEVICH,VODKA,CARICO INIZIALE
BEV.VOD.00012,VODKA KETEL ONE 1LT,VODKA,FABBROCINO MICHELE SRL
"BEV.WHS,00012",WHISKY LAGALUVIN 16Y 70CL,WHISKY,FABBROCINO MICHELE SRL
BEV.WHS.00003,WHISKY JOHNNY WALKER BLACK LABEL,WHISKY,BELLAGAIA SRL
BEV.WHS.00008,WHISKEY BULLEIT RYE 70CL,WHISKY,FABBROCINO MICHELE SRL
BEV.WHS.00010,WHISKEY JIM BEAM RYE 70CL,WHISKY,FABBROCINO MICHELE SRL
BEV.WHS.00013,WHISKY LAPHROIG 10Y 70CL,WHISKY,FABBROCINO MICHELE SRL
BEV.WHS.00014,WHISKY MACCALLAN 12Y 70CL,WHISKY,FABBROCINO MICHELE SRL
BEV.WHS.00015,WHISKY OBAN 12Y 70CL,WHISKY,FABBROCINO MICHELE SRL
BEV.WHS.00016,WHISKY TALISKER 70CL,WHISKY,FABBROCINO MICHELE SRL
BEV.WHS.00017,WHISKY BUSHMILLS ORIGINAL 70CL,WHISKY,FABBROCINO MICHELE SRL
CAF.BEV.00004,CAFFE IN GRANI BREAKFAST,CAFFETT,DI SARNO COFFE SERVICE(TERMINIELLO ROSA)
FOO.CAF.00030,LATTE IN POLVERE,CAFFETT,AMALFI SEI ESSE SRL
FOO.CBI.00001,PETTO DI POLLO FRESCO,CARNEBIA,PREGIS SPA
FOO.CBI.00002,COSCIOTTI DI POLLO,CARNEBIA,AMALFI SEI ESSE SRL
FOO.CBI.00004,POLLO COSCE GELO,CARNEBIA,PREGIS SPA
FOO.CBI.00010,PETTO DI POLLO GELO,CARNEBIA,PREGIS SPA
FOO.CGO.00030,GELATO CORNETTO MANGO E VANIGLIA,GELATCON,FABBROCINO MICHELE SRL
FOO.CGO.00031,GELATO MAGNUM DOUBLE AMARENA 1CTX20PZ,GELATCON,FABBROCINO MICHELE SRL
FOO.CGO.00032,GELATO MAGNUM DOUBLE NOCCIOLA 1CTX20PZ,GELATCON,FABBROCINO MICHELE SRL
FOO.CGO.00033,GELATO FREDDOLONE 1CTX30PZ,GELATCON,FABBROCINO MICHELE SRL
FOO.CGO.00034,GELATO DONUT NEW 1CTX20 PZ,GELATCON,FABBROCINO MICHELE SRL
FOO.CGO.00050,GELATO CONO KINDER BUENO BIANCO 20PZ,GELATCON,ADRA SRL
FOO.CRO.00003,MACINATO DI CARNE,CARNEROS,AMALFI SEI ESSE SRL
FOO.CRO.00004,REALE BOVINO ADULTO SV,CARNEROS,B & G DI PALO
FOO.CRO.00009,HAMBURGER BLACK ANGUS 200GR,CARNEROS,B & G DI PALO
FOO.CRO.00020,CARNE VITELLONE,CARNEROS,AMALFI SEI ESSE SRL
FOO.CRO.00030,FILETTO DI SUINO 500GR,CARNEBIA,PREGIS SPA
FOO.FAR.00001,FARINA 1KG,FARINA,AMALFI SEI ESSE SRL
FOO.FAR.00002,PASTA KATARIFI,FARINA,BELLAGAIA SRL
FOO.FAR.00025,FARINA DI MAIS,FARINA,AMALFI SEI ESSE SRL
FOO.FOR.00002,"FORMAGGIO PRIMO SALE KG 1,8",FORMAGG,AMALFI SEI ESSE SRL
FOO.FOR.00004,FORMAGGIO PARMIGIANO REGGIANO,FORMAGG,AMALFI SEI ESSE SRL
FOO.FOR.00005,RICOTTA,FORMAGG,AMALFI SEI ESSE SRL
FOO.FOR.00007,FORMAGGIO GRATTUGGIATO SORESINA 100GR,FORMAGG,AMALFI SEI ESSE SRL
FOO.FOR.00009,PROVOLONE DEL MONACO,FORMAGG,CASEIFICIO GREEN VALLEY (FUSCO ROSARIO)
FOO.FOR.00010,PROVOLA,FORMAGG,CASEIFICIO GREEN VALLEY (FUSCO ROSARIO)
FOO.FOR.00011,SFOGLIA DI MOZZARELLA,FORMAGG,CASEIFICIO GREEN VALLEY (FUSCO ROSARIO)
FOO.FOR.00013,FORMAGGIO GRATTUGGIATO GRANA PADANO,FORMAGG,AMALFI SEI ESSE SRL
FOO.FOR.00014,MOZZARELLA DI BUFALA,FORMAGG,AMALFI SEI ESSE SRL
FOO.FOR.00020,FORMAGGIO GRANBIRAGHI,FORMAGG,BELLAGAIA SRL
FOO.FOR.00026,FORMAGGIO BRIZZI CLASSICO 1KG,FORMAGG,BELLAGAIA SRL
FOO.FOR.00027,FORMAGGIO PECORA 500GR,FORMAGG,BELLAGAIA SRL
FOO.FOR.00040,CACIOTTA DI CAPRA,FORMAGG,AMALFI SEI ESSE SRL
FOO.FRS.00001,CEDRO A CUBETTI IL JOLLY 120GR,FRUTTSEC,AMALFI SEI ESSE SRL
FOO.FRS.00002,ARANCIO A CUBETTI IL JOLLY 120GR,FRUTTSEC,AMALFI SEI ESSE SRL
FOO.FRS.00004,LIME DISIDRATATO 100GR,FRUTTSEC,BELLAGAIA SRL
FOO.FRS.00005,LIMONE DISIDRATATO 100GR,FRUTTSEC,BELLAGAIA SRL
FOO.FRS.00006,ARANCIA DISIDRATATA 100GR,FRUTTSEC,BELLAGAIA SRL
FOO.FRS.00007,MANDORLE,FRUTTSEC,ATTIANESE
FOO.FRS.00015,SEMI DI QUINOA MISTI,FRUTTSEC,ATTIANESE
FOO.FRU.00005,ARANCE NAVEL,FRUTTFRE,AMALFI SEI ESSE SRL
FOO.FRU.00006,PERE,FRUTTFRE,ATTIANESE
FOO.FRU.00011,FRAGOLE,FRUTTFRE,ATTIANESE
FOO.FRU.00016,ALBICOCCHE,FRUTTFRE,ATTIANESE
FOO.FRU.00019,NETTARINE SCHIACCIATINE,FRUTTFRE,ATTIANESE
FOO.FRU.00020,PRUGNE,FRUTTFRE,ATTIANESE
FOO.FRU.00021,NOCI GHERIGLI,FRUTTFRE,ATTIANESE
FOO.FRU.00022,FICHI,FRUTTFRE,ATTIANESE
FOO.FRU.00025,BANANE,FRUTTFRE,AMALFI SEI ESSE SRL
FOO.FRU.00030,LIMONI SFUSATO IGP,FRUTTFRE,COSTIERA AGRUMI
FOO.GCO.00001,GELATO CORNETTO CLASSICO 1CTX24PZ,GELATCON,FABBROCINO MICHELE SRL
FOO.GCO.00002,GELATO CORNETTO CUORE DI CIALDA 1CTX14PZ,GELATCON,FABBROCINO MICHELE SRL
FOO.GCO.00003,GELATO CORNETTO CHOC 'N' BALL 1CTX20PZ,GELATCON,FABBROCINO MICHELE SRL
FOO.GCO.00004,GELATO MAGNUM CLASSICO 1CTX20PZ,GELATCON,FABBROCINO MICHELE SRL
FOO.GCO.00005,GELATO MAGNUM BIANCO 1CTX20PZ,GELATCON,FABBROCINO MICHELE SRL
FOO.GCO.00006,GELATO MAGNUM INTENSE COFFEE 1CTX20PZ,GELATCON,FABBROCINO MICHELE SRL
FOO.GCO.00007,GELATO MAGNUM BOMBONIERA 1CTX20PZ,GELATCON,FABBROCINO MICHELE SRL
FOO.GCO.00008,GELATO MAGNUM DOUBLE CARAMEL 1CTX20PZ,GELATCON,FABBROCINO MICHELE SRL
FOO.GCO.00009,GELATO MAGNUM EUPHORIA 1CTX20PZ,GELATCON,FABBROCINO MICHELE SRL
FOO.GCO.00010,GELATO MAGNUM WONDER 1CTX20PZ,GELATCON,FABBROCINO MICHELE SRL
FOO.GCO.00011,GELATO MAGNUM CHILL 1CTX20PZ,GELATCON,FABBROCINO MICHELE SRL
FOO.GCO.00012,GELATO PAN DI STELLE 1CTX25PZ,GELATCON,FABBROCINO MICHELE SRL
FOO.GCO.00013,GELATO BAIOCCHI 1CTX25PZ,GELATCON,FABBROCINO MICHELE SRL
FOO.GCO.00014,GELATO RINGO VANIGLIA 1CTX25PZ,GELATCON,FABBROCINO MICHELE SRL
FOO.GCO.00015,GELATO GOCCIOLE 1CTX25PZ,GELATCON,FABBROCINO MICHELE SRL
FOO.GCO.00016,GELATO CROCCANTE AMARENA 1CTX32PZ,GELATCON,FABBROCINO MICHELE SRL
FOO.GCO.00017,GELATO FIOR DI FRAGOLA 1CTX36PZ,GELATCON,FABBROCINO MICHELE SRL
FOO.GCO.00018,GELATO LIUK 1CTX32PZ,GELATCON,FABBROCINO MICHELE SRL
FOO.GCO.00019,GELATO CUCCIOLONE MAXI 1CTX30PZ,GELATCON,FABBROCINO MICHELE SRL
FOO.GCO.00020,GELATO SOLERO 1CTX25PZ,GELATCON,FABBROCINO MICHELE SRL
FOO.GCO.00021,GELATO COPPA KIMBO 1CTX24PZ,GELATCON,FABBROCINO MICHELE SRL
FOO.GCO.00022,GELATO CALIPPO A LIMONE 1CTX24PZ,GELATCON,FABBROCINO MICHELE SRL
FOO.GCO.00023,GELATO CALIPPO COLA 1CTX24PZ,GELATCON,FABBROCINO MICHELE SRL
FOO.GCO.00024,GELATO TREASURE BOX 1CTX18PZ,GELATCON,FABBROCINO MICHELE SRL
FOO.GCO.00025,GELATO GHIACCIOLI EQUILIBRIA 1CTX30PZ,GELATCON,FABBROCINO MICHELE SRL
FOO.GCO.00026,GELATO MAGNUM MANDORLE 1CTX20PZ,GELATCON,FABBROCINO MICHELE SRL
FOO.GCO.00027,GELATO BIKINI NEW 1CTX20PZ,GELATCON,FABBROCINO MICHELE SRL
FOO.GCO.00028,GELATO CREMINO 1CTX36PZ,GELATCON,FABBROCINO MICHELE SRL
FOO.GCO.00030,GELATO COPPA RICA AMARENA 1CTX20PZ,GELATCON,FABBROCINO MICHELE SRL
FOO.GCO.00031,GELATO SUPER TWISTER 1CTX28PZ,GELATCON,FABBROCINO MICHELE SRL
FOO.GCO.00032,GELATO CHUCHES NEW 1CTX20PZ,GELATCON,FABBROCINO MICHELE SRL
FOO.GCO.00033,GELATO CORNETTO TOGO 1CTX14PZ,GELATCON,FABBROCINO MICHELE SRL
FOO.GCO.00035,GELATO MARS ICE BARRA 1CTX24PZ,GELATCON,ADRA SRL
FOO.GCO.00036,GELATO TWIX 1CTX24PZ,GELATCON,ADRA SRL
FOO.GCO.00037,GELATO BOUNTY 1CTX24PZ,GELATCON,ADRA SRL
FOO.GCO.00038,GELATO SNICKERS 1CTX24PZ,GELATCON,ADRA SRL
FOO.GCO.00039,GELATO SNICKERS BIANCO 1CTX24PZ,GELATCON,ADRA SRL
FOO.GCO.00040,GELATO SNICKERS PEANUT BUTTER 1CTX24PZ,GELATCON,ADRA SRL
FOO.GCO.00041,GELATO ROCHER CLASSIC 1CTX24PZ,GELATCON,ADRA SRL
FOO.GCO.00042,GELATO RAFFAELLO 1CTX24,GELATCON,ADRA SRL
FOO.GCO.00043,GELATO CONO KINDER BUENO 1CTX20PZ,GELATCON,ADRA SRL
FOO.GCO.00044,GELATO POCKET COFFEE 1CTX30PZ,GELATCON,ADRA SRL
FOO.GCO.00045,GELATO KINDER CHOCOLATE 1CTX30PZ,GELATCON,ADRA SRL
FOO.GCO.00046,GELATO YOGURETTE FRAGOLA 1CTX30PZ,GELATCON,ADRA SRL
FOO.GCO.00047,GELATO RAFFAELLO PEACH DREAM 1CTX20PZ,GELATCON,ADRA SRL
FOO.GCO.00048,GELATO RAFFAELLO COCCO 1CTX20PZ,GELATCON,ADRA SRL
FOO.GCO.00049,GELATO RAFFAELLO PISTACCHIO 1CTX20PZ,GELATCON,ADRA SRL
FOO.GCO.00050,GELATO RAFFAELLO CIOCCO/ARANCIA 1CTX20PZ,GELATCON,ADRA SRL
FOO.GUA.00030,"CONCENTRATO ""LIMONE SFUSATO IGP""10ML",GUARTOP,COSTIERA AGRUMI
FOO.GVA.00002,GELATO STRACCIATELLA IN VASCHETTA,GELATVAS,FABBROCINO MICHELE SRL
FOO.GVA.00004,GELATO FRAGOLA IN VASCHETTA,GELATVAS,FABBROCINO MICHELE SRL
FOO.LAT.00001,FIOR DI LATTE CUBETTATO,LATTICIN,CASEIFICIO GREEN VALLEY (FUSCO ROSARIO)
FOO.LAT.00004,PROVOLONE DEL MONACO,LATTICIN,PREGIS SPA
FOO.LAT.00005,PROVOLA,LATTICIN,CASEIFICIO GREEN VALLEY (FUSCO ROSARIO)
FOO.LAT.00006,RICOTTA,LATTICIN,CASEIFICIO GREEN VALLEY (FUSCO ROSARIO)
FOO.LAT.00009,PROVOLONE STAGIONATO AGEROLA,LATTICIN,BELLAGAIA SRL
FOO.LAT.00011,TRECCIONI DI MOZZARELLA,LATTICIN,CASEIFICIO GREEN VALLEY (FUSCO ROSARIO)
FOO.LAT.00012,CILIEGINE AFFUMICATE 25GR,LATTICIN,CASEIFICIO GREEN VALLEY (FUSCO ROSARIO)
FOO.LAT.00013,CACIOTTINE MISTE 25GR,LATTICIN,CASEIFICIO GREEN VALLEY (FUSCO ROSARIO)
FOO.LAT.00014,SFOGLIA DI MOZZARELLA 1KG,LATTICIN,CASEIFICIO GREEN VALLEY (FUSCO ROSARIO)
FOO.LAT.00030,STRACCIATA DI FIOR DI LATTE,LATTICIN,CASEIFICIO VITAGLIANO MAURIZIO
FOO.MON.00001,ZUCCHERO DI CANNA 20CFX500GR,MONODOLC,AMALFI SEI ESSE SRL
FOO.MON.00002,ZUCCHERO BUSTINE,MONODOLC,CARICO INIZIALE
FOO.MON.00010,NUTELLA MONO 15GRX120PZ,MONODOLC,BELLAGAIA SRL
FOO.MON.00011,ZUCCHERO ERIDANIA BUSTINE 10CFX1KG,MONODOLC,AMALFI SEI ESSE SRL
FOO.MON.00013,ZUCCHERO SEMOLATO DI CANNA 1KG,MONODOLC,AMALFI SEI ESSE SRL
FOO.OLI.00004,OLIO DI OLIVA TORIELLO CL 250,OLIO,BELLAGAIA SRL
FOO.ORT.00015,LATTUGA,ORTAGGI,ATTIANESE
FOO.ORT.00017,CAROTE JULIENNE,ORTAGGI,AMALFI SEI ESSE SRL
FOO.ORT.00021,PEPERONI VERDI FRIGITELLI,ORTAGGI,ATTIANESE
FOO.ORT.00022,ZUCCA,ORTAGGI,ATTIANESE
FOO.ORT.00023,BROCCOLI,ORTAGGI,ATTIANESE
FOO.ORT.00025,POMODORO GRAPPOLATO,ORTAGGI,ATTIANESE
FOO.ORT.00035,CAVOLFIORI,ORTAGGI,ATTIANESE
FOO.ORT.00036,CIME DI RAPA,ORTAGGI,ATTIANESE
FOO.ORT.00040,SALVIA,ORTAGGI,ATTIANESE
FOO.ORT.00045,ALLORO,ORTAGGI,AMALFI SEI ESSE SRL
FOO.ORT.00050,INSALATA ROMANA,ORTAGGI,ATTIANESE
FOO.PAN.00001,PANE BIANCO IN CASSETTA GR.400,PANE,AMALFI SEI ESSE SRL
FOO.PAN.00004,PAN BAULETTO GF MULINO BIANCO,PANE,AMALFI SEI ESSE SRL
FOO.PAN.00007,PANE GRAN CUORE MULINO BIANCO,PANE,AMALFI SEI ESSE SRL
FOO.PAN.00009,PANINI INTEGRALI GR 40,PANE,PANIFICIO VECCHIO FORNO DI AMATO PRISCO
FOO.PAN.00010,PANINI A LATTE GR 40,PANE,PANIFICIO LO SCORZINO (CIVALE ASSUNTA)
FOO.PAN.00011,PANINI AI CEREALI GR 40,PANE,PANIFICIO LO SCORZINO (CIVALE ASSUNTA)
FOO.PAN.00014,PANE FRESELLE 400 GR,PANE,AMALFI SEI ESSE SRL
FOO.PAN.00015,PANINI 100GR,PANE,PANIFICIO NASTA GERARDO ANTONIO
FOO.PAN.00016,PANE GLUTEEN FREE GR 150 X 7PZ,PANE,BELLAGAIA SRL
FOO.PAN.00017,PANFETTE GLUTEEN FREE GR 75 X 20PZ,PANE,BELLAGAIA SRL
FOO.PAN.00021,PANFETTE INTEGRALI GLUTEN FREE GR17X20PZ,PANE,BELLAGAIA SRL
FOO.PAN.00025,MINI BAGUETTE SENZA GLUTINE 150GR X 7PZ,PANE,BELLAGAIA SRL
FOO.PAN.00030,PANINI BUN HAMBURGHER 120GR,PANE,SERLINI
FOO.PAS.00001,ZUCCHERO A VELO 125GRX24PZ,PASTICCE,CARICO INIZIALE
FOO.PES.00001,VONGOLE,PESCEFRE,CICA SRL
FOO.PES.00002,ASTICI,PESCEFRE,CICA SRL
FOO.PES.00004,POLPO T5 MAROCCO GELO,PESCESUR,CICA SRL
FOO.PES.00005,SEPPIA PULITA 1/2 GELO,PESCESUR,CICA SRL
FOO.PES.00006,MAZZANCOLLE 80/100 KG 1,PESCESUR,CICA SRL
FOO.PES.00007,MAZZANCOLLE 40/60 KG 1,PESCESUR,CICA SRL
FOO.PES.00010,CANNOLICCHI FRANCIA/OLANDA,PESCEFRE,CICA SRL
FOO.PES.00016,SALMONE AFFUMICATO GELO,PESCESUR,CICA SRL
FOO.PES.00017,MAZZANCOLLE 50/60 KG 2,PESCESUR,CICA SRL
FOO.PES.00018,POLIPETTI 20/40,PESCESUR,CICA SRL
FOO.PES.00019,POLPO TENTACOLI COTTI 70/120,PESCESUR,CICA SRL
FOO.PES.00021,GAMBERI DECAPITATI 26/30,PESCESUR,CICA SRL
FOO.PES.00022,MAZZANCOLLE 40/50 KG 2,PESCESUR,CICA SRL
FOO.PES.00023,PAGELLO,PESCEFRE,CICA SRL
FOO.PES.0003,ROMBO,PESCEFRE,CICA SRL
FOO.PES.00030,SALMONE,PESCESUR,CICA SRL
FOO.PPA.00001,GRANO COTTO 560GR,PASTICCE,AMALFI SEI ESSE SRL
FOO.PPA.00002,FIORI D'ARANCIO 60GR,PASTICCE,AMALFI SEI ESSE SRL
FOO.PPA.00003,"VANILLINA 0,5GRX6PZ",PASTICCE,AMALFI SEI ESSE SRL
FOO.PPA.00010,TARGHETTA CIOCCOLATO,PASTICCE,PASTICCERIA NAPOLI SNC
FOO.PPP.00001,ESTRATTO DI VANIGLIA LIQUIDO,PASTICCE,AMALFI SEI ESSE SRL
FOO.PPP.00002,FARINA PER DOLCI 1KG,PASTICCE,AMALFI SEI ESSE SRL
FOO.PPP.00003,STACCANTE ALIMENTARE SPRAY PER FORNO,PASTICCE,CARICO INIZIALE
FOO.PPP.00004,ZUCCHERO A VELO 125GRX24PZ,PASTICCE,AMALFI SEI ESSE SRL
FOO.PPP.00005,GRANO COTTO 560GR,PASTICCE,AMALFI SEI ESSE SRL
FOO.PPP.00006,FIORI D'ARANCIO 60GR,PASTICCE,AMALFI SEI ESSE SRL
FOO.PPP.00007,"VANILLINA 0,5GRX6PZ",PASTICCE,AMALFI SEI ESSE SRL
FOO.PPP.00008,TUORLO D'UOVO 1LT,PASTICCE,BELLAGAIA SRL
FOO.PPP.00011,MIELE 10KG,PASTICCE,AMALFI SEI ESSE SRL
FOO.PPP.00013,CIOCCOLATO FONDENTE,PASTICCE,BELLAGAIA SRL
FOO.PPP.00016,MARMELLATA ALBICOCCA,PASTICCE,BELLAGAIA SRL
FOO.PPP.00017,GRANELLA DI NOCCIOLE 1KG,PASTICCE,AMALFI SEI ESSE SRL
FOO.PPP.00018,NOCCIOLE TOSTATE 1KG,PASTICCE,ATTIANESE
FOO.PPP.00020,GELATINA IN FOGLI KG 1,PASTICCE,BELLAGAIA SRL
FOO.PPP.00021,SAVOIARDI 300GR 1CTX9CF,PASTICCE,BELLAGAIA SRL
FOO.PPP.00024,COLLA DI PESCE FOGLI,PASTICCE,BELLAGAIA SRL
FOO.PPP.00025,LIEVITO 25 GR,PASTICCE,AMALFI SEI ESSE SRL
FOO.PPP.00026,PANNA FRESCA LIQUIDA,PASTICCE,BELLAGAIA SRL
FOO.PPP.00030,PANNA PASTICCERIA DEBIC 1LT,PASTICCE,BELLAGAIA SRL
FOO.PSF.00004,SCIALATIELLI ARTIGIANALI,PASTAFRE,PASTIFICIO IL PIACERE DELLA TAVOLA
FOO.PSF.00005,GNOCCHI DI PATATE ARTIGIANALI,PASTAFRE,PASTIFICIO IL PIACERE DELLA TAVOLA
FOO.PSF.00006,RAVIOLI CAPRESI ARIGIANALI,PASTAFRE,PASTIFICIO IL PIACERE DELLA TAVOLA
FOO.PST.00001,PASTA DITALI 500GR,PASTAGRA,BELLAGAIA SRL
FOO.PST.00003,PASTA PENNE LISCE GR 500,PASTAGRA,BELLAGAIA SRL
FOO.PST.00005,PASTA RIGATONI 500GR,PASTAGRA,BELLAGAIA SRL
FOO.PST.00006,PASTA TUBETTONI 500GR,PASTAGRA,BELLAGAIA SRL
FOO.PST.00013,PASTA LINGUINE 500GR,PASTAGRA,AMALFI SEI ESSE SRL
FOO.PST.00015,PASTA LASAGNA,PASTAFRE,PREGIS SPA
FOO.PST.00016,PASTA ORECCHIETTE,PASTAFRE,AMALFI SEI ESSE SRL
FOO.PST.00017,PASTA MEZZI PACCHERI,PASTAGRA,CARICO INIZIALE
FOO.PST.00020,PASTA RIGATONI RUMMO 500GR,PASTAGRA,BELLAGAIA SRL
FOO.PST.00022,PASTA TUBETTI RIGATI,PASTAGRA,BELLAGAIA SRL
FOO.PSU.00002,BASTONCINI DI MERLUZZO,PESCESUR,AMALFI SEI ESSE SRL
FOO.PSU.00003,TENTACOLI DI POLPO 100/150,PESCESUR,CICA SRL
FOO.PSU.00020,MAZZANCOLLE 60/80 6CF2KG,PESCESUR,CICA SRL
FOO.RIS.00001,RISO BASMATI,RISO,AMALFI SEI ESSE SRL
FOO.RIS.00002,RISO ARBORIO,RISO,BELLAGAIA SRL
FOO.SAL.00002,PROSCIUTTO COTTO MORGESE,SALUMI,AMALFI SEI ESSE SRL
FOO.SAL.00008,BRESAOLA,SALUMI,BELLAGAIA SRL
FOO.SAL.00012,SPECK,SALUMI,BELLAGAIA SRL
FOO.SAL.00013,CAPOCOLLO,SALUMI,BELLAGAIA SRL
FOO.SCA.00001,FAGIOLI HEINZ 415GRX24PZ,SCATOLAM,AMALFI SEI ESSE SRL
FOO.SCA.00004,POMODORINI SAMMY 400GRX24PZ,SCATOLAM,CARICO INIZIALE
FOO.SCA.00007,CAPPERI SOTTO SALE 100GR,SCATOLAM,AMALFI SEI ESSE SRL
FOO.SCA.00008,TONNO 80GR,SCATOLAM,AMALFI SEI ESSE SRL
FOO.SCA.00011,OLIVE VERDI 340GR,SCATOLAM,AMALFI SEI ESSE SRL
FOO.SCA.00012,FAGIOLI BORLOTTI 400GRX12PZ,SCATOLAM,CARICO INIZIALE
FOO.SCA.00013,TONNO' 80GR,SCATOLAM,AMALFI SEI ESSE SRL
FOO.SCA.00014,PELATI 500 G X 24 PZ,SCATOLAM,ATTIANESE
FOO.SCA.00017,TONNO VIANDER KG 1,SCATOLAM,PREGIS SPA
FOO.SCA.00019,LENTICCHIE GR 400,SCATOLAM,CARICO INIZIALE
FOO.SCA.00022,ORZO PERLATO,SCATOLAM,AMALFI SEI ESSE SRL
FOO.SCA.00023,FARRO,SCATOLAM,AMALFI SEI ESSE SRL
FOO.SCA.00024,ALICI DELFINO GR 180,SCATOLAM,AMALFI SEI ESSE SRL
FOO.SCA.00025,DELFINO FILETTI DI ALICI 425GR,SCATOLAM,AMALFI SEI ESSE SRL
FOO.SCA.00030,BRODO DI CARNE 1KG,SCATOLAM,BELLAGAIA SRL
FOO.SCA.00031,BRODO DI PESCE 1KG,SCATOLAM,BELLAGAIA SRL
FOO.SCA.00032,CONCENTRATO DI POMODORO 200GR,SCATOLAM,BELLAGAIA SRL
FOO.SCA.00055,POMODORI CONFIT IN VETRO,SCATOLAM,ATTIANESE
FOO.SDO.00006,TORTA ARTIGIANALE ALLE CAROTE 1 KG,SEMILDOL,PASTICCERIA A. MIGLIORE
FOO.SDO.00025,SACCOTTINO CEREALI F. DI BOSCO 85GRX60PZ,SEMILDOL,LE CROISSANT SRL
FOO.SDO.00026,BOCCONDORO 45GRX15PZ,SEMILDOL,LE CROISSANT SRL
FOO.SDO.00027,"BISCOTTI CEREALI E CIOCCOLATO 1,5KG",SEMILDOL,LE CROISSANT SRL
FOO.SDO.00028,PLUMCAKE ARTIGIANALE AL LIMONE 800 GR,SEMILDOL,PASTICCERIA A. MIGLIORE
FOO.SDO.00030,COPPETTA X MARMELLATA CIALDA 500 PZ,SEMILDOL,ARTE BIANCA SPA
FOO.SDO.00038,BISCOTTI FROLLINO CACAO 700GR,SEMILDOL,AMALFI SEI ESSE SRL
FOO.SDO.00039,BISCOTTI COLUSSI 500GR,SEMILDOL,AMALFI SEI ESSE SRL
FOO.SDO.00040,BISCOTTI OTTIMINI INTEGRALI 350GR,SEMILDOL,AMALFI SEI ESSE SRL
FOO.SDO.00041,BISCOTTI MULINO BIANCO GF AL CIOCCOLATO,SEMILDOL,AMALFI SEI ESSE SRL
FOO.SDO.00042,BISCOTTI GRAN MERENDA 500GR,SEMILDOL,BELLAGAIA SRL
FOO.SDO.00045,TIRAMISU MONOPORZIONE ARTIGIANALE,SEMILDOL,PASTIFICIO IL PIACERE DELLA TAVOLA
FOO.SDO.00046,DELIZIA A LIMONE MONOPORZIONE ARTIGIANAL,SEMILDOL,SAL DE RISO
FOO.SDO.00049,CONCHIGLIA PANNA LATTE GR 90 X PZ 60,SEMILDOL,LE CROISSANT SRL
FOO.SDO.00051,CIAMBELLA MAXI ZUCCHERATA GR 95 X PZ 30,SEMILDOL,LE CROISSANT SRL
FOO.SDO.00053,TOPPING AL CARAMELLO 950GR,SEMILDOL,BELLAGAIA SRL
FOO.SDO.00054,TOPPING ALLA FRAGOLA 950GR,SEMILDOL,BELLAGAIA SRL
FOO.SDO.00055,TOPPING AL LIMONCELLO 950GR,SEMILDOL,BELLAGAIA SRL
FOO.SDO.00056,TOPPING AL CIOCCOLATO 950 GR,SEMILDOL,BELLAGAIA SRL
FOO.SDO.00057,MIELE RIGONI GR 300,SEMILDOL,BELLAGAIA SRL
FOO.SDO.00058,TOPPING AL PISTACCHIO 900 GR,SEMILDOL,BELLAGAIA SRL
FOO.SDO.00059,TORTA COMPLEANNO,SEMILDOL,PASTICCERIA GAMBARDELLA
FOO.SDO.00061,DOLCI MIGNON DELIZIE A LIMONE 40GR,SEMILDOL,PASTICCERIA A. MIGLIORE
FOO.SDO.00062,DOLCI MIGNON CHEESECAKE FRUT. BOSCO 40GR,SEMILDOL,PASTICCERIA A. MIGLIORE
FOO.SDO.00063,DOLCI MIGNON CANNOLI 40GR,SEMILDOL,PASTICCERIA A. MIGLIORE
FOO.SDO.00064,DOLCI MIGNON RICOTTA E PERA 40GR,SEMILDOL,PASTICCERIA A. MIGLIORE
FOO.SDO.00065,DOLCI MIGNON CROSTATINA CON FRAGOLE 40GR,SEMILDOL,PASTICCERIA A. MIGLIORE
FOO.SDO.00066,DOLCI MIGNON PROFITTEROL 40GR,SEMILDOL,PASTICCERIA A. MIGLIORE
FOO.SDO.00067,DOLCE MELENZANE AL CIOCCOLATO 130GR,SEMILDOL,SAL DE RISO
FOO.SDO.00071,PASTIERA NAPOLETANA,SEMILDOL,PANIFICIO NASTA GERARDO ANTONIO
FOO.SDO.00072,CASATIELLO,SEMILDOL,PANIFICIO NASTA GERARDO ANTONIO
FOO.SDO.00073,CIAMBELLONE AL LIMONE 2KG,SEMILDOL,PANIFICIO IAZZETTA
FOO.SDO.00075,TOPPING FRUTTI DI BOSCO 950GR,SEMILDOL,PREGIS SPA
FOO.SDO.00077,TORTA CROSTATA HOMEMADE,SEMILDOL,CARICO INIZIALE
FOO.SDO.00080,OVETTI INCARTATI,SEMILDOL,BELLAGAIA SRL
FOO.SDO.00084,TORTA CAROTE HOMEMADE,SEMILDOL,CARICO INIZIALE
FOO.SDO.00085,TORTA MELE HOMEMADE,SEMILDOL,CARICO INIZIALE
FOO.SDO.00087,TORTA CAPRESE HOMEMADE,SEMILDOL,CARICO INIZIALE
FOO.SDO.00088,CIAMBELLONE AL CACAO 2KG,SEMILDOL,PANIFICIO IAZZETTA
FOO.SDO.00089,CROSTATA ALBICOCCA,SEMILDOL,PANIFICIO IAZZETTA
FOO.SDO.00090,CIAMBELLONE ALLE MELE 2KG,SEMILDOL,PANIFICIO IAZZETTA
FOO.SEM.00001,CONFETTURA FRUTTI DI BOSCO 900GRX6PZ,SEMILDOL,GENERAL BEVERAGE
FOO.SEM.00002,CONFETTURA FRAGOLA 900GRX6PZ,SEMILDOL,GENERAL BEVERAGE
FOO.SEM.00003,CONFETTURA CILIEGIA 900GRX6PZ,SEMILDOL,GENERAL BEVERAGE
FOO.SEM.00004,CONFETTURA PESCA 900GRX6PZ,SEMILDOL,GENERAL BEVERAGE
FOO.SEM.00005,CONFETTURA MIELE 900GRX6PZ,SEMILDOL,GENERAL BEVERAGE
FOO.SEM.00006,CONFETTURA ALBICOCCA 900GRX6PZ,SEMILDOL,GENERAL BEVERAGE
FOO.SEM.00007,SCIROPPO D'ACERO 900GR,SEMILDOL,GENERAL BEVERAGE
FOO.SND.00001,RINGO CACAO 24PZ,SNACKDOL,TURCOM
FOO.SND.00002,RINGO VANIGLIA 24PZ,SNACKDOL,TURCOM
FOO.SND.00003,CHUPA CHUPS 200PZ,SNACKDOL,CARICO INIZIALE
FOO.SNS.00004,PATATINE PRINGLES ORIGINAL 12PZ,SNACKSAL,TURCOM
FOO.SNS.00005,PATATINE PRINGLES PAPRIKA 12PZ,SNACKSAL,TURCOM
FOO.SNS.00009,CROSTINI DORATI SAN CARLO 14PZ,SNACKSAL,TURCOM
FOO.SNS.00010,ARACHIDI SALATE 40GRX30PZ,SNACKSAL,TURCOM
FOO.SNS.00015,PATATINE SAN CARLO PORCHETTA 50GRX20PZ,SNACKSAL,CARICO INIZIALE
FOO.SNS.00016,OLIVE VERDI DENOCCIOLATE 4 KG,SNACKSAL,PREGIS SPA
FOO.SNS.00020,TARALLO MANDORLATO PEPE E SUGNA 2KG,SNACKSAL,PANIFICIO IAZZETTA
FOO.SPE.00001,ACETO DI VINO BIANCO,SPEZIECO,AMALFI SEI ESSE SRL
FOO.SPE.00009,ORIGANO,SPEZIECO,AMALFI SEI ESSE SRL
FOO.SPE.00011,OLIO D'OLIVA EXTRA VERGINE LT.5,SPEZIECO,AMALFI SEI ESSE SRL
FOO.SPE.00012,CANNELLA STECCA 170GR,SPEZIECO,BELLAGAIA SRL
FOO.SPE.00015,CHIODI DI GAROFANO 260GR,SPEZIECO,BELLAGAIA SRL
FOO.SPE.00016,CANNELLA 20GR,SPEZIECO,AMALFI SEI ESSE SRL
FOO.SPE.00018,CANNELLA MACINATA,SPEZIECO,BELLAGAIA SRL
FOO.SPE.00019,CHIODI DI GAROFANO 28GR,SPEZIECO,ATTIANESE
FOO.SPE.00020,ANICE STELLATO 23GR,SPEZIECO,ATTIANESE
FOO.SPE.00024,TABASCO 60GR,SPEZIECO,BELLAGAIA SRL
FOO.SPE.00025,SALSA WORCESTER 150GR,SPEZIECO,BELLAGAIA SRL
FOO.SPE.00026,SALSA SOIA LT 1,SPEZIECO,BELLAGAIA SRL
FOO.SPE.00027,SALSA SOIA GR 150,SPEZIECO,AMALFI SEI ESSE SRL
FOO.SPE.00030,SALSA CHEDDAR,SPEZIECO,BELLAGAIA SRL
FOO.SPE.00031,SALSA SENAPE DOLCE 200GR,SPEZIECO,BELLAGAIA SRL
FOO.SPE.00032,SALSA SENAPE GR 200,SPEZIECO,BELLAGAIA SRL
FOO.SPE.00033,SALE MALDON 250GR,SPEZIECO,BELLAGAIA SRL
FOO.SPE.00034,MOSTARDA DI MELE 270 GR,SPEZIECO,BELLAGAIA SRL
FOO.SPE.00035,NOCE MOSCATA MACINATA 100GR,SPEZIECO,BELLAGAIA SRL
FOO.SPE.00036,ZAFFERANO IN POLVERE,SPEZIECO,PREGIS SPA
FOO.SPE.00040,PEPERONCINO,SPEZIECO,ATTIANESE
FOO.SPE.00045,BACCHE DI GINEPRO,SPEZIECO,ATTIANESE
FOO.SPU.00031,TOTANI 1KG,PESCESUR,PREGIS SPA
FOO.SSA.00003,"RUSTICI PARTY MIX 20GR 2,5X2CF",SEMILSAL,LE CROISSANT SRL
FOO.SSA.00004,PANINO MIGNON NAPOLI 30GR 4KG,SEMILSAL,LE CROISSANT SRL
FOO.SSA.00005,RUSTICI PROSCIUTTO 1KGX6CF,SEMILSAL,CARICO INIZIALE
FOO.SSA.00006,"ARANCINI MIGNON 2,5KGX2CF",SEMILSAL,CARICO INIZIALE
FOO.SSA.00009,PIZZA MARGHERITA MINI 25GRX2 KG,SEMILSAL,LE CROISSANT SRL
FOO.SSA.00012,PATATE SURGELATE LA RISSOLEE GR.700,SEMILSAL,AMALFI SEI ESSE SRL
FOO.SSA.00013,"PATATE SURGELATE A CUBETTI 2,5KGX4PZ",SEMILSAL,PREGIS SPA
FOO.SSA.00014,CORDON BLUE,SEMILSAL,AMALFI SEI ESSE SRL
FOO.SSA.00016,"PATATE SURGELATE STICK 2,5KG X 4PZ",SEMILSAL,AMALFI SEI ESSE SRL
FOO.SSA.00017,PIZZA,SEMILSAL,PANIFICIO NASTA GERARDO ANTONIO
FOO.SSA.00021,FOCACCIA CAPRESE 360GRX6PZ,SEMILSAL,LE CROISSANT SRL
FOO.SSA.00022,MINESTRONE FINDUS KG 1,SEMILSAL,AMALFI SEI ESSE SRL
FOO.SSA.00024,PURE' DI PATATE PFANNI,SEMILSAL,BELLAGAIA SRL
FOO.SSA.00025,PANINO MINI BUN 50 PZ,SEMILSAL,LE CROISSANT SRL
FOO.SSA.00030,PASTA SFOGLIA,SEMILSAL,PANIFICIO NASTA GERARDO ANTONIO
FOO.UOV.00001,UOVA FRESCHE L CAT. A X 180PZ,UOVA,AMALFI SEI ESSE SRL
FOO.VER.00003,CIPOLLA ROSSA DI TROPEA,VERDURA,ATTIANESE
FOO.VER.00030,SPINACI GELO,VERDURA,PREGIS SPA
FOO.VER.00040,CIPOLLOTTO,VERDURA,ATTIANESE
FOO.VER.00044,FINOCCHI,VERDURA,ATTIANESE
FOO.YOG.00001,YOGURT BIANCO VIPITENO GR.500,YOGURT,AMALFI SEI ESSE SRL
FOO.YOG.00003,YOGURT BIANCO VIPITENO 1KG,YOGURT,AMALFI SEI ESSE SRL
FOO.YOG.0003,YOGURT BIANCO 250 GR,YOGURT,AMALFI SEI ESSE SRL
MAN.ELE.00001,SPINA CORNER 90° NERA,MATELETT,ELECTRA SPA
MAN.ELE.00002,SPINA CORNER 90° BIANCA,MATELETT,ELECTRA SPA
MAN.ELE.00003,SCATOLA PER CANALINA 3 POSTI,MATELETT,ELECTRA SPA
MAN.ELE.00004,SUPPORTO PER PRESE MATIX,MATELETT,ELECTRA SPA
MAN.ELE.00005,PRESA SCHUKO MATIX BIANCA,MATELETT,ELECTRA SPA
MAN.ELE.00007,PLACCA PER SUPPORTI BIANCA MATIX 3 P,MATELETT,ELECTRA SPA
MAN.ELE.00008,NASTRO ISOLANTE NERO 19X25,MATELETT,GIACINTO DI PALMA
MAN.ELE.00009,CAVO COASSIALE TV 5MMX100MT,MATELETT,ELECTRA SPA
MAN.ELE.00010,SPINOTTO SATELLITARE FEMMINA,MATELETT,ELECTRA SPA
MAN.ELE.00011,GIUNTACAVO SPINOTTO SATELLITARE,MATELETT,ELECTRA SPA
MAN.ELE.00012,COPERCHIO CASSETTA TONDA D65,MATELETT,ELECTRA SPA
MAN.ELE.00013,FASCETTE ELETTRICHE 280X3 100PZ,MATELETT,GIACINTO DI PALMA
MAN.ELE.00014,"FILO UNIOLARE 1,5 ML BLU 100MT",MATELETT,ELECTRA SPA
MAN.ELE.00015,FILO UNIPOLARE 15MM NERO 100MT,MATELETT,ELECTRA SPA
MAN.ELE.00016,FILO UNIPOLARE 15MM ROSSO 100M,MATELETT,ELECTRA SPA
MAN.ELE.00019,TUBO RIGIDO GRIGIO PER TUBAZIONI EST.3MT,MATELETT,ELECTRA SPA
MAN.ELE.00021,LAMPADA LED GOCCIA 60W,MATELETT,CARICO INIZIALE
MAN.ELE.00023,LAMPADA SFERA 7W ATTACCO E14 3K,MATELETT,CARICO INIZIALE
MAN.ELE.00024,LAMPADA LED BISPINA 5W G9 3K,MATELETT,AMAZON
MAN.ELE.00030,LAMPADA SFERA 7W ATTACCO E27 3K,MATELETT,CARICO INIZIALE
MAN.ELE.00043,LAMPADA LED GOCCIA 12W E27 3K,MATELETT,GIACINTO DI PALMA
MAN.ELE.00044,LAMPADA LED 9W E27 3K,MATELETT,GIACINTO DI PALMA
MAN.ELE.00046,CASSETTA PER ESTERNO 80X80X45,MATELETT,GIACINTO DI PALMA
MAN.ELE.00047,GRUPPO DI RIEMPIMENTO 3160K,MATELETT,D'URSO ALBERTO SAS
MAN.ELE.00049,"LAMPADINA LED CANDELA 4,5W E14 3000K",MATELETT,AMAZON
MAN.ELE.00053,FARI LED 55W 3K,MATELETT,ELECTRA SPA
MAN.ELE.00054,LAMPADA ALOGENA LINEARE 120W,MATELETT,GIACINTO DI PALMA
MAN.ELE.00055,RILEVATORE GAS,MATELETT,ELECTRA SPA
MAN.ELE.00060,FARETTI D50 50W,MATELETT,ELECTRA SPA
MAN.ELE.00062,PLUG UTP 6/6A,MATELETT,ELECTRA SPA
MAN.IDR.00001,ADDOLCITORE 10KG,MATIDRAU,CARICO INIZIALE
MAN.MAV.00001,TELO COPRITUTTO 4X4MT,MAT.VARI,CARICO INIZIALE
MAN.MAV.00002,BOMBOLETTE IGIENIZZANTE CLIMA SF20,MAT.VARI,CARICO INIZIALE
MAN.MAV.00009,DIAMANTE TAGLIAVETRO,MAT.VARI,DITTA APICELLA
MAN.MAV.00010,SPRAY LUBRIFICANTE 400ML,MAT.VARI,GALLO GIOVANNI SNC
MAN.MAV.00011,LANA D'ACCIAIO PER VERNICE,MAT.VARI,DITTA APICELLA
MAN.MAV.00012,MANIGLIA PER PORTA CON ROSETTA,MAT.VARI,GIACINTO DI PALMA
MAN.MAV.00013,SERRATURA OTTONATA,MAT.VARI,GIACINTO DI PALMA
MAN.MAV.00015,LUCCHETTI RETTANGOLARI,MAT.VARI,GIACINTO DI PALMA
MAN.MAV.00016,ATTACCAGLIA OTTONATA,MAT.VARI,GIACINTO DI PALMA
MAN.MAV.00017,CHIAVE DIRITTA OTTONATA,MAT.VARI,GIACINTO DI PALMA
MAN.MAV.00018,SVERNICIATORE 750ML,MAT.VARI,GIACINTO DI PALMA
MAN.MAV.00019,FILO PIATTINA 1MM,MAT.VARI,GIACINTO DI PALMA
MAN.MAV.00020,TARGHETTA PORTACHIAVI,MAT.VARI,GIACINTO DI PALMA
MAN.MAV.00021,BULLONI,MAT.VARI,GIACINTO DI PALMA
MAN.MAV.00022,PERNI 10MM,MAT.VARI,GIACINTO DI PALMA
MAN.MAV.00023,BOBINA FILO DI FERRO,MAT.VARI,GIACINTO DI PALMA
MAN.MAV.00024,PORTA TUBO,MAT.VARI,GIACINTO DI PALMA
MAN.MAV.00025,RIDUTTORI PRESSIONE GAS,MAT.VARI,D'URSO ALBERTO SAS
MAN.MAV.00026,PUNTA HSS 3MM,MAT.VARI,GIACINTO DI PALMA
MAN.MAV.00027,PUNTA HSS 4MM,MAT.VARI,GIACINTO DI PALMA
MAN.MAV.00028,"PUNTA HSS 4,5MM",MAT.VARI,GIACINTO DI PALMA
MAN.MAV.00029,"PUNTA HSS 3,5MM",MAT.VARI,GIACINTO DI PALMA
MAN.MAV.00030,PUNTA HSS 10MM,MAT.VARI,GIACINTO DI PALMA
MAN.MAV.00031,"PUNTA HSS 5,5MM",MAT.VARI,GIACINTO DI PALMA
MAN.MAV.00032,PUNTA HSS 6MM,MAT.VARI,GIACINTO DI PALMA
MAN.MAV.00033,PUNTA HSS 8MM,MAT.VARI,GIACINTO DI PALMA
MAN.MAV.00034,PUNTA HSS 5MM,MAT.VARI,GIACINTO DI PALMA
MAN.MAV.00035,PUNTA HSS 9MM,MAT.VARI,GIACINTO DI PALMA
MAN.MAV.00036,"PUNTA HSS 6,5MM",MAT.VARI,GIACINTO DI PALMA
MAN.MAV.00037,MOSCHETTONE ACCIAIO 80MM,MAT.VARI,GIACINTO DI PALMA
MAN.MAV.00038,TAPPETI (RESIDENCE),MAT.VARI,GIACINTO DI PALMA
MAN.MAV.00039,"RONDELLA PIANA 6MMX1,5GR",MAT.VARI,GIACINTO DI PALMA
MAN.MAV.00040,MOSCHETTONE A VITE 120 MM,MAT.VARI,GIACINTO DI PALMA
MAN.MAV.00041,FERMAMOQUETTE ARGENTO 200CM,MAT.VARI,GIACINTO DI PALMA
MAN.MAV.00042,INOX REDANCIA MM 8 A2,MAT.VARI,GIACINTO DI PALMA
MAN.MAV.00043,RIVETTO ALLUMINIO 4X12,MAT.VARI,GIACINTO DI PALMA
MAN.MAV.00044,"RIVETTO ALLUMINIO 4,8X12",MAT.VARI,GIACINTO DI PALMA
MAN.MAV.00045,CHIAVI D'ARRESTO 1/2 CM,MAT.VARI,D'URSO ALBERTO SAS
MAN.MAV.00046,"FASCETTE 4,5X360",MAT.VARI,GIACINTO DI PALMA
MAN.MAV.00047,SPRAY BIANCO LUCIDO,MAT.VARI,GIACINTO DI PALMA
MAN.MAV.00050,ROTOLO CARTOE ML 45,MAT.VARI,GIACINTO DI PALMA
MAN.MAV.00051,MASCHERA PER ESTERNI,MAT.VARI,GALLO GIOVANNI SNC
MAN.MAV.00052,BULLONI PER SCAFFALATURA,MAT.VARI,GIACINTO DI PALMA
MAN.MAV.00053,"TELO COPRITUTTO 4X2,5MT",MAT.VARI,AMAZON
MAN.MED.00002,RETE TIPO ZANZARIERA 18X16,MATEDILE,GIACINTO DI PALMA
MAN.MED.00003,ASSE DI LEGNO LISTELLO 1CM X 2MT,MATEDILE,GIACINTO DI PALMA
MAN.MED.00004,STUCCO GRIGIO KG 5,MATEDILE,DITTA APICELLA
MAN.MED.00005,INTONACO RASANTE KG.25,MATEDILE,DITTA APICELLA
MAN.MED.00006,COLLANTE PER PAVIMENTI KG.25,MATEDILE,DITTA APICELLA
MAN.MED.00007,RULLO PER PITTURA A PELO RASO,MATEDILE,GALLO GIOVANNI SNC
MAN.MED.00008,MATTONELLE BIANCHE 20X20,MATEDILE,DITTA APICELLA
MAN.MED.00009,STUCCO X MARMI KERAC 5KG,MATEDILE,DITTA APICELLA
MAN.MED.00010,CEMENTO PRONTO PRESA 25KG,MATEDILE,DITTA APICELLA
MAN.MED.00011,"PITTURA ANTIMUFFA AQUABEL 0,70L",MATEDILE,GALLO GIOVANNI SNC
MAN.MED.00012,ISOLATE ALCAFIX 1LT,MATEDILE,GALLO GIOVANNI SNC
MAN.MED.00013,COLLANTE BIANCO X PIASTRELLE 25KG,MATEDILE,DITTA APICELLA
MAN.MED.00014,MATASSA IN FERRO,MATEDILE,GIACINTO DI PALMA
MAN.MED.00015,FISCHER 6MM,MATEDILE,GIACINTO DI PALMA
MAN.MED.00016,VITI A FARFALLA,MATEDILE,GIACINTO DI PALMA
MAN.MED.00017,VITI A RAMPINO 18X60,MATEDILE,GIACINTO DI PALMA
MAN.MED.00018,BOMBOLETTA POLIURETANO,MATEDILE,GIACINTO DI PALMA
MAN.MED.00019,SILICONE,MATEDILE,GIACINTO DI PALMA
MAN.MED.00020,INSERTO 25MM ATTACCO 1/4,MATEDILE,GIACINTO DI PALMA
MAN.MED.00021,TAVOLE  ABETE 50X50,MATEDILE,DITTA APICELLA
MAN.MED.00022,MURALI ABETE 5X5X400,MATEDILE,DITTA APICELLA
MAN.MED.00023,COLLANTE KOLBLOK 25KG,MATEDILE,DITTA APICELLA
MAN.MED.00024,BLOCCHI CEMENTO,MATEDILE,DITTA APICELLA
MAN.MED.00025,TIRAFONDI 6MM,MATEDILE,GIACINTO DI PALMA
MAN.MED.00026,"TIRAFONDI PER LEGNO 6,5X120MM",MATEDILE,GIACINTO DI PALMA
MAN.MED.00027,"TIRAFONDI PER LEGNO 6,5X40MM",MATEDILE,GIACINTO DI PALMA
MAN.MED.00028,VITI PER LEGNO 5X60MM,MATEDILE,GIACINTO DI PALMA
MAN.MED.00029,VITI PER LEGNO 5X80MM,MATEDILE,GIACINTO DI PALMA
MAN.MED.00030,ANGOLARI 5X5,MATEDILE,GIACINTO DI PALMA
MAN.MED.00031,ANGOLARI 40X40,MATEDILE,GIACINTO DI PALMA
MAN.MED.00032,"VITI PER LEGNO 4,5X50MM",MATEDILE,GIACINTO DI PALMA
MAN.MED.00033,VITI PER LEGNO 4X30MM,MATEDILE,GIACINTO DI PALMA
MAN.MED.00034,ANGOLARI 4X4,MATEDILE,GIACINTO DI PALMA
MAN.MED.00035,PANNELLI ISOTERMICI 60X125CM,MATEDILE,DITTA APICELLA
MAN.MED.00036,ROTOLO LENZA 100ML,MATEDILE,GIACINTO DI PALMA
MAN.MED.00037,"VITI PER LEGNO 4,5X25MM",MATEDILE,GIACINTO DI PALMA
MAN.MED.00038,"VITI PER LEGNO 4,5X40MM",MATEDILE,GIACINTO DI PALMA
MAN.MED.00039,"VITI PER LEGNO 4,5X20MM",MATEDILE,GIACINTO DI PALMA
MAN.MED.00040,VITI PER LEGNO 3X30MM INOX,MATEDILE,GIACINTO DI PALMA
MAN.MED.00041,CERCAFASE MM 3X140,MATEDILE,GIACINTO DI PALMA
MAN.MED.00042,BARRA FILETTATA MM8,MATEDILE,GIACINTO DI PALMA
MAN.MED.00043,RETE X MURATURA,MATEDILE,DITTA APICELLA
MAN.MED.00044,VITI 18MM,MATEDILE,DITTA APICELLA
MAN.MED.00045,FRATTONE MORBIDO 10X24,MATEDILE,D'URSO ALBERTO SAS
MAN.MED.00046,FRATTONE MORBIDO 14X21,MATEDILE,D'URSO ALBERTO SAS
MAN.MED.00047,SILICONE CARTUCCIA ALTA TEMPERATURA,MATEDILE,DITTA APICELLA
MAN.MED.00048,INTONACO PLANITOP 210,MATEDILE,DITTA APICELLA
MAN.MED.00049,PITTURA AL QUARZO,MATEDILE,GIACINTO DI PALMA
MAN.MED.00050,COLLANTE TANGIT GR.125,MATEDILE,DITTA APICELLA
MAN.MED.00051,COLLA TERMOINDURENTE MM 11,MATEDILE,GIACINTO DI PALMA
MAN.MED.00052,CEMENTO RAPIDO KG1,MATEDILE,GIACINTO DI PALMA
MAN.MED.00055,PITTURA BIANCA LT.14,MATEDILE,GALLO GIOVANNI SNC
MAN.MED.00056,ISOLANTE PER PAVIMENTI,MATEDILE,GALLO GIOVANNI SNC
MAN.MID.00004,TUBI FLESSIBI X LAVANDINO,MATIDRAU,D'URSO ALBERTO SAS
MAN.MID.00005,GUARNIZIONE PER BOX DOCCIA,MATIDRAU,DITTA APICELLA
MAN.MID.00006,GUARNIZIONE 90GRADI PER BOX DOCCIA,MATIDRAU,DITTA APICELLA
MAN.MID.00008,GUARNIZIONI PER DOCCIA CON CALAMITA,MATIDRAU,DITTA APICELLA
MAN.MID.00009,TUBO DI SCARICO 2 BICCHIERI 50/100,MATIDRAU,DITTA APICELLA
MAN.MID.00010,"TUBO FLESSIBILE X LAVATRICE 2,5ML",MATIDRAU,GIACINTO DI PALMA
MAN.MID.00011,DOCCINO DOCCIA CROMATO,MATIDRAU,DITTA APICELLA
MAN.MID.00012,POMPA SOMMERSA,MATIDRAU,DITTA APICELLA
MAN.MID.00013,CHIUSINO SIFONATO,MATIDRAU,DITTA APICELLA
MAN.MID.00014,TUBO DI SCARICO A CURVA 50/30°,MATIDRAU,D'URSO ALBERTO SAS
MAN.MID.00015,TUBO DI SCARICO A CURVA 50/45°,MATIDRAU,D'URSO ALBERTO SAS
MAN.MID.00017,CURVA TERMINALE WC,MATIDRAU,DITTA APICELLA
MAN.MID.00018,"GUARNIZIONE 1/2""",MATIDRAU,D'URSO ALBERTO SAS
MAN.MID.00019,"NASTRO TEFLON 15 X 1/2""",MATIDRAU,D'URSO ALBERTO SAS
MAN.MID.00030,"GUARNIZIONE 3/4""",MATIDRAU,D'URSO ALBERTO SAS
MAN.MID.00031,COLLARE PER SCARICO 120MM,MATIDRAU,D'URSO ALBERTO SAS
MAN.MID.00032,TAPPO IN PP 40MM,MATIDRAU,D'URSO ALBERTO SAS
MAN.MID.00033,SOFFIONE IN ACCIAIO 200MM,MATIDRAU,D'URSO ALBERTO SAS
MAN.MID.00034,TAPPO ESPANSIONE DA 100,MATIDRAU,GIACINTO DI PALMA
MAN.MID.00035,CURVA DIAM. 110 A 30°,MATIDRAU,D'URSO ALBERTO SAS
MAN.MID.00036,CURVA DIAM.110 A 45°,MATIDRAU,D'URSO ALBERTO SAS
MAN.MID.00037,CURBA DIAM. 110 A 45*,MATIDRAU,D'URSO ALBERTO SAS
MAN.MID.00038,CURVA WC DIAM. 110 A 90°,MATIDRAU,D'URSO ALBERTO SAS
MAN.MID.00039,TUBO IN PP 110X50 CM,MATIDRAU,D'URSO ALBERTO SAS
MAN.MID.00040,SUPPORTO GUARNIZIONE GEBERIT,MATIDRAU,D'URSO ALBERTO SAS
MAN.MID.00041,TUBO AUMENTO 125/160 UNI 302,MATIDRAU,DITTA APICELLA
MAN.MID.00042,TUBO 125 UNI 302,MATIDRAU,DITTA APICELLA
MAN.MID.00043,TUBO 100 UNI 302,MATIDRAU,DITTA APICELLA
MAN.MID.00044,TUBO RIDUZIONE 125/100 UNI 302,MATIDRAU,DITTA APICELLA
MAN.MID.00045,TAPPO 100 UNI 302,MATIDRAU,DITTA APICELLA
MAN.MID.00046,TUBO 100/1 UNI 302,MATIDRAU,DITTA APICELLA
MAN.MID.00047,TUBO 125/1 UNI 302,MATIDRAU,DITTA APICELLA
MAN.MID.00048,TUBO AUMENTO 100/125 UNI 302,MATIDRAU,DITTA APICELLA
MAN.MID.00049,TUBO CURVA 100 UNI 302,MATIDRAU,DITTA APICELLA
MAN.MID.00050,TUBO 50/2 UNI 302,MATIDRAU,DITTA APICELLA
MAN.MID.00051,TUBO 50/1 UNI 302,MATIDRAU,DITTA APICELLA
MAN.MID.00052,TAPPO A VITE 50,MATIDRAU,DITTA APICELLA
MAN.MID.00053,TUBO AUMENTO 50/63 UNI 302,MATIDRAU,DITTA APICELLA
MAN.MID.00054,TAPPO 200 UNI 302,MATIDRAU,DITTA APICELLA
MAN.MID.00055,TUBO RIDUZIONE 200/125 UNI 302,MATIDRAU,DITTA APICELLA
MAN.MID.00056,MANICOTTO IN OTTONE 20X20,MATIDRAU,D'URSO ALBERTO SAS
MAN.MID.00057,RUBINETTO LAVELLO,MATIDRAU,D'URSO ALBERTO SAS
MAN.MID.00059,COPRI WATER UNIVERSALE BIANCO,MATIDRAU,TACOSHOP
MAN.MID.00060,SBLOCCANTE AREXO ML 400,MATIDRAU,GIACINTO DI PALMA
MAN.MPG.00002,FORBICE PER VIGNA,GIARDINA,GIACINTO DI PALMA
MAN.MPG.00003,FIORERA IN FERRO 60CM,GIARDINA,GIACINTO DI PALMA
MAN.MPG.00004,CASSETTA DA BALCONE CM 60X20X16,GIARDINA,GIACINTO DI PALMA
MAN.MPG.00005,TERRICCIO LT 10,GIARDINA,GIACINTO DI PALMA
MAN.MPG.00006,CONCIME GRANULARE KG 5,GIARDINA,GIACINTO DI PALMA
MAN.MVA.00001,NASTRO ADESIVO DA IMBALLAGGIO,MAT.VARI,GIACINTO DI PALMA
MAN.MVA.00002,FOGLI CARTA DA IMBALLAGGIO,MAT.VARI,GIACINTO DI PALMA
MAN.SMA.00001,DUPLICATO CHIAVI,STRMAN,GIACINTO DI PALMA
MAN.SMA.00002,PENNELLO PER PITTURA,STRMAN,GIACINTO DI PALMA
MAN.SMA.00003,MORSETTO PER CAVI,STRMAN,GIACINTO DI PALMA
MAN.SMA.00004,PELLICOLA IN PLASTICA ADESIVA CM 45,STRMAN,GIACINTO DI PALMA
MAN.SMA.00005,SALDATORE A GAS,STRMAN,GIACINTO DI PALMA
MAN.SMA.00006,TUTA USA E GETTA BIANCA XL,STRMAN,GIACINTO DI PALMA
MAN.SMA.00007,TUTA USAE GETTA BLU L,STRMAN,GIACINTO DI PALMA
MAN.SMA.00008,CAZZUOLA,STRMAN,DITTA APICELLA
MAN.SMA.00009,SALDATUTTO PATTEX 28GR,STRMAN,GIACINTO DI PALMA
MAN.SMA.00015,DUPLICATO CHIAVI IN OTTONE,STRMAN,GIACINTO DI PALMA
MAN.VER.00001,PITTURA LAVABILE BIANCA SILOX 14 LT,VERNPITT,ESTERNI E INTERNI SRL
MAN.VER.00002,PITTURA PRIMER SILOX 14 LT,VERNPITT,ESTERNI E INTERNI SRL
MAN.VER.00003,PRIMER FISSATIVO PER GUAINA LIQ 10 LT,VERNPITT,ESTERNI E INTERNI SRL
MAN.VER.00004,GUAINA LIQUIDA ICOPER BIANCO 20 KG,VERNPITT,ESTERNI E INTERNI SRL
MAN.VER.00005,SMALTO BIANCO IDROREFLEX 750ML,VERNPITT,GIACINTO DI PALMA
MAN.VER.00006,FONDO PER PITTURA 750ML,VERNPITT,GIACINTO DI PALMA
PUL.DET.00002,PROFUMATORE POM ESSENCE RICARICA 5LT,DETERGEN,CARICO INIZIALE
PUL.DET.00018,ANTICALCARE VIAKAL 470MLX10PZ,DETERGEN,VICART SRL
PUL.DET.00019,SGRASSATORE SUTTER RICARICA 500ML,DETERGEN,CARICO INIZIALE
PUL.DET.00020,SGRASSATORE SUTTER 500ML,DETERGEN,CARICO INIZIALE
PUL.DET.00021,SGRASSATORE SUTTER RICARICA 5KG,DETERGEN,CARICO INIZIALE
PUL.DET.00029,SGRASSANTE FORNO SUTTER 750ML,DETERGEN,CARICO INIZIALE
PUL.DET.00034,SMACCHIATORE ALLEGRINI 750ML,DETERGEN,CARICO INIZIALE
PUL.DET.00044,DETERSIVO IN POLVERE X LAV. SUTTER 15KG,DETERGEN,VICART SRL
PUL.DET.00051,CREMA MANI 1PZX5KG,DETERGEN,VICART SRL
PUL.DET.00052,BRILLANTANTE LAVASTOVIGLIE WINNI'S,DETERGEN,AMALFI SEI ESSE SRL
PUL.DET.00070,ALBA SAPONE 650ML,DETERGEN,CHIMICA PEPE SRL
PUL.DET.00071,ALBA SAPONE GEL 1LT,DETERGEN,CHIMICA PEPE SRL
PUL.STR.00010,PANNO PAVIMENTO G MOPCLOTH BLU,STRPULIZ,FORAGGIO SRL
PUL.STR.00011,PANNO PAVIMENTO G MOPCLOTH ROSSO,STRPULIZ,FORAGGIO SRL
PUL.STR.00012,SPUGNETTA HAID-TECH IN MELAMMINA 85X120,STRPULIZ,FORAGGIO SRL
PUL.STR.00019,GUANTI MARIGOLD MISURA M,STRPULIZ,VICART SRL
PUL.STR.00037,SNAKE RIMUOVI POLVERE,STRPULIZ,CARICO INIZIALE
PUL.STR.00038,MOP PAVIMENTI BLU (FOR),STRPULIZ,FORAGGIO SRL
PUL.STR.00039,PAD PER BAGNO ROSSO (FOR),STRPULIZ,FORAGGIO SRL
PUL.STR.00040,PAD PER CAMERE BLU (FOR),STRPULIZ,FORAGGIO SRL
PUL.STR.00041,TELAIO REFLEX PER MOP (FOR),STRPULIZ,FORAGGIO SRL
PUL.STR.00042,SPUGNA MELANNINA I MOP XL (FOR),STRPULIZ,FORAGGIO SRL
PUL.STR.00043,DISCO MELANNINA PER I MOP XL (FOR),STRPULIZ,FORAGGIO SRL
PUL.STR.00045,DISCO ABRASIVO PER I MOP XL (FOR),STRPULIZ,FORAGGIO SRL
PUL.STR.00046,MOP PAVIMENTI ROSSO (FOR),STRPULIZ,FORAGGIO SRL
PUL.STR.00047,MANICO TELESCOPICO PER MOP (FOR),STRPULIZ,FORAGGIO SRL
PUL.STR.00050,GUANTI SATINATI MISURA M 10PZ,STRPULIZ,CHIMICA PEPE SRL
PUL.STR.00070,ACQUA DEMINERALIZZATA 4KG,STRPULIZ,CHIMICA PEPE SRL
STR.PUL.00027,VELLO SUPPORTO IN PLASTICA 45CM,STRPULIZ,VICART SRL
VAR.AME.00002,DOORHANGER DND,AMENCAME,CREATIVE IDEA DI DIODATO DE MARTINO
VAR.AME.00003,DOORHANGER MANUTEZIONE,AMENCAME,CREATIVE IDEA DI DIODATO DE MARTINO
VAR.ASB.00002,PINZA PLASTICA PER GHIACCIO,AT.SALA,CARICO INIZIALE
VAR.CAN.00001,PENNE PANORAMA 1CFX50PZ,CANCELLE,CARICO INIZIALE
VAR.CAN.00045,BUSTE BIANCHE AUTOADESIVE 1CFX25PZ,CANCELLE,AMAZON
VAR.CAR.00008,BICCHIERI CARTA 380 ML NATURALICA 1X50PZ,CARTBUSA,CARICO INIZIALE
VAR.CAR.00009,BICCHIERI CARTA 90 ML IDEALPARTY 1X50PZ,CARTBUSA,CARICO INIZIALE
VAR.COR.00005,SAPONETTE 15GR 2CFX250PZ,CORTGEN,CARICO INIZIALE
VAR.COR.00006,DOCCIA SHAMPOO AMALFI COAST 30ML,CORTGEN,CARICO INIZIALE
VAR.COR.00011,CREMA CORPO PANORAMA 32ML 1CFX50PZ,CORTPERS,CARICO INIZIALE
VAR.COR.00012,BICCHIERI IMBUSTATI 250ML 20CFX40PZ,CORTGEN,CARICO INIZIALE
VAR.COR.00014,DOCCIA SHAMPOO 30ML 4CFX62PZ,CORTGEN,NINNI SRL
VAR.COR.00015,CREMA CORPO 20 ML,CORTGEN,NINNI SRL
VAR.COR.00022,SET BARBA OLIVA 30 PZ,CORTGEN,STUDIO QUATTRO S.R.L.
VAR.COR.00023,SET IGIENE ORALE OLIVA X 50 PZ,CORTGEN,STUDIO QUATTRO S.R.L.
VAR.CPE.00011,BIGLIETTINI DA VISITA PANORAMA GROUP,CANPERS,CREATIVE IDEA DI DIODATO DE MARTINO
VAR.CPE.00012,BIGLIETTINI DA VISITA DIPENDENTI,CANPERS,CREATIVE IDEA DI DIODATO DE MARTINO
VAR.DET.00023,DISINFETTANTE SUTTER 800ML,DETERGEN,CARICO INIZIALE
VAR.MAV.00001,COLLA MILLECHIODI CARTUCCIA GR 400,MATEDILE,GIACINTO DI PALMA
VAR.MAV.00002,LUCCHETTI PER ARMADIETTI MM 30 QUADRATI,MAT.VARI,GIACINTO DI PALMA
VAR.MAV.00011,VASCHETTA IN ALLUMINIO,MAT.VARI,AMALFI SEI ESSE SRL
VAR.MAV.00040,PORTA LAMPADA BIANCO 327,MAT.VARI,ELECTRA SPA
VAR.MED.00001,RETE METALLICA 12X12,MATEDILE,GIACINTO DI PALMA
VAR.MON.00001,TOVAGLIOLI TNT POKET AZZ40X35(16CFX60PZ),MONOUSO,STUDIO QUATTRO S.R.L.
VAR.MON.00007,TOVAGLIE 100X100 BLU (4CFX25PZ),MONOUSO,STUDIO QUATTRO S.R.L.
VAR.MON.00008,TOVAGLIOLI 24X24 (24CFX100PZ),MONOUSO,CARICO INIZIALE
VAR.MON.00016,BICCHIERI IMBUSTATI 250ML 20CFX40PZ,MONOUSO,CARICO INIZIALE
VAR.MON.00019,CUCCHIAINI BAMBU' THE 1CFX100PZ,MONOUSO,CARICO INIZIALE
VAR.MON.00020,CANNUCCE PLASTICA BASSE COLOR 1CFX1000PZ,MONOUSO,CARICO INIZIALE
VAR.MON.00030,STUZZICADENTI IMBUSTATI 1000pz,MONOUSO,CHIMICA PEPE SRL
VAR.MON.00032,TOVAGLIOLI TNT POKET AZZ40X35(16CFX50PZ),MONOUSO,STUDIO QUATTRO S.R.L.
VAR.MON.00033,SALVIETTINE DETERGENTI LEMON PZ 500,MONOUSO,BELLAGAIA SRL
VAR.MON.00034,"CONO IN LEGNO 22,5 CM 50PZ",MONOUSO,VICART SRL
VAR.MON.00036,INSALATIERA 1000ML,MONOUSO,VICART SRL
VAR.MON.00037,COPERCHI PER INSALATIERA 1000ML,MONOUSO,VICART SRL
VAR.MON.00040,CARTA PARAFFINATA 25X37 10KG,MONOUSO,VICART SRL
VAR.MON.00053,INSALATIERA 750ML,MONOUSO,VICART SRL
VAR.MON.00055,FINGER QUADRATO CELLULOSA 65X65MM 50PZ,MONOUSO,VICART SRL
VAR.MON.00056,FINGER GOCCIA PLASTICA 50PZ,MONOUSO,VICART SRL
VAR.MON.00057,FINGER QUADRATO CELLULOSA 120CC 50PZ,MONOUSO,VICART SRL
VAR.MON.00058,"BICCHIERI IN LEGNO 4,5X4,5CM 100PZ",MONOUSO,VICART SRL
VAR.MON.00059,PIROTTINI PER BABBA',MONOUSO,BELLAGAIA SRL
VAR.MON.00060,"PIROGA IN LEGNO 22,5X8 50PZ",MONOUSO,VICART SRL
VAR.MON.00061,PIROGA IL LEGNO 28X1 50 PZ,MONOUSO,VICART SRL
VAR.PCU.00002,"CARTA FORNO CUKI MT 9,5",PROCUCIN,AMALFI SEI ESSE SRL
VAR.PCU.00011,SPAGO PER CUCINA,PROCUCIN,AMALFI SEI ESSE SRL
VAR.PER.00002,SHAMPOO PANORAMA 32ML 1CFX50PZ,CORTPERS,CARICO INIZIALE
VAR.PER.00006,CREMA CORPO PANORAMA 32ML 1CFX50PZ,CORTPERS,CARICO INIZIALE
VAR.POO.00001,ANTI ALGHE DESALGINE 10LT,PROPOOL,CARICO INIZIALE
VAR.PPP.00003,PH MINUS 20LT,PROPOOL,TECNOPISCINE
VAR.PPP.00008,CLORO LIQUIDO 20 LT,PROPOOL,JARPIS S.L.
VAR.PPP.00020,PASTICCHE CLORO + ANTIALGHE 200GRX10KG,PROPOOL,CHIMICA PEPE SRL
VAR.PPP.0005,FARINA FOSSILE 25KG,PROPOOL,TECNOPISCINE
VAR.RIC.00001,PIASTRINE ANTI ZANZARA 30PZX6CF,RICECONS,CARICO INIZIALE
VAR.RIC.00009,BATTERIE ALCALINE AA 1CFX40PZ,RICECONS,AMAZON
VAR.RIC.00010,BOMBOLE GPL,RICECONS,GIACINTO DI PALMA
VAR.RIC.00012,RICARICA GAS PER ACCENDINI,RICECONS,GIACINTO DI PALMA
VAR.RIC.00013,CARTUCCE X MISCELATORE,RICECONS,DITTA APICELLA
VAR.STR.00005,SPUGNE SCOTHC-BRITE 10PZX4CF,STRPULIZ,CARICO INIZIALE
VAR.STR.00006,SACCHETTI ASPIRAPOLVERE 10CFX10PZ,STRPULIZ,CARICO INIZIALE
VAR.STR.00007,GUANTI MARIGOLD MISURA S,STRPULIZ,CARICO INIZIALE
VAR.STR.00008,GUANTI MONOUSO MISURA L,STRPULIZ,CARICO INIZIALE
VAT.ASB.00001,PORTA GHIACCIO,AT.SALA,CARICO INIZIALE
,,,
,,,
,,,
,,,
,,,
,,,
,,,
,,,
,,,
,,,
,,,
,,,
,,,
,,,
,,,
,,,
,,,
,,,
,,,
,,,
,,,
,,,
,,,
,,,
,,,
,,,
,,,
,,,
,,,
,,,
,,,
,,,
,,,
,,,
,,,
,,,
,,,
,,,
,,,
,,,
,,,
,,,
,,,
,,,
,,,
,,,
,,,
,,,
,,,
,,,
,,,
,,,
,,,
,,,
,,,
,,,
,,,
,,,
,,,
,,,
,,,
,,,
,,,
,,,
,,,
,,,
,,,
,,,
,,,
,,,
,,,
,,,
,,,
,,,
,,,
,,,
,,,
,,,
,,,
,,,
,,,
,,,
,,,
,,,
,,,
,,,
,,,
,,,
,,,
,,,
,,,
,,,
,,,
,,,
,,,
,,,
,,,
,,,
,,,
,,,
,,,
,,,
,,,
,,,
,,,
,,,
,,,
,,,
,,,
,,,
,,,
,,,
,,,
,,,
,,,
,,,
,,,
,,,
,,,
,,,
,,,
,,,
,,,
,,,
,,,
,,,
,,,
,,,
,,,
,,,
,,,
,,,
,,,
,,,
,,,
,,,
,,,
,,,
,,,
,,,
,,,
,,,
,,,
,,,
,,,
,,,
,,,
,,,
,,,
,,,
,,,
,,,
,,,
,,,
,,,
,,,
,,,
,,,
,,,
,,,
,,,
,,,
,,,
,,,
,,,
,,,
,,,
,,,
,,,
,,,
,,,
,,,
,,,
,,,
,,,
,,,
,,,
,,,
,,,
,,,
,,,
,,,
,,,
,,,
,,,
,,,
,,,
,,,
,,,
,,,
,,,
,,,
,,,
,,,
,,,
,,,
,,,
,,,
,,,
,,,
,,,
,,,
,,,
,,,
,,,
,,,
,,,
,,,
,,,
,,,
,,,
,,,
,,,
,,,
,,,
,,,
,,,
,,,
,,,
,,,
,,,
,,,
,,,
,,,
,,,
,,,
,,,
,,,
,,,
,,,
,,,
,,,
,,,
,,,
,,,
,,,
,,,
,,,
,,,
,,,
,,,
,,,
,,,
,,,
,,,
,,,
,,,
,,,
,,,
,,,
,,,
,,,
,,,
,,,
,,,
,,,
,,,
,,,
,,,
,,,
,,,
,,,
,,,
,,,
,,,
,,,
,,,
,,,
,,,
,,,
,,,
,,,
,,,
,,,
,,,
,,,
,,,
,,,
,,,
,,,
,,,
,,,
,,,
,,,
,,,
,,,
,,,
,,,
,,,
,,,
,,,
,,,
,,,
,,,
,,,
,,,
,,,
,,,
,,,
,,,
,,,
,,,
,,,
,,,
,,,
,,,
,,,
,,,
,,,
,,,
,,,
,,,
,,,
,,,
,,,
,,,
,,,
,,,
,,,
,,,
,,,
,,,
,,,
,,,
,,,
,,,
,,,
,,,
,,,
,,,
,,,
,,,
,,,
,,,
,,,
,,,
,,,
,,,
,,,
,,,
,,,
,,,
,,,
,,,
,,,
,,,
,,,
,,,
,,,
,,,
,,,
,,,
,,,
,,,
,,,
,,,
,,,
,,,
,,,
,,,
,,,
,,,
,,,
,,,
,,,
,,,
,,,
,,,
,,,
,,,
,,,
,,,
,,,
,,,
,,,
,,,
,,,
,,,
,,,
,,,
,,,
,,,
,,,
,,,
,,,
,,,
,,,
,,,
,,,
,,,
,,,
,,,
,,,
,,,
,,,
,,,
,,,
,,,
,,,
,,,
,,,
,,,
,,,
,,,
,,,
,,,
,,,
,,,
,,,
,,,
,,,
,,,
,,,
,,,
,,,
,,,
,,,
,,,
,,,
,,,
,,,
,,,
,,,
,,,
,,,
,,,
,,,
,,,
,,,
,,,
,,,
,,,
,,,
,,,
,,,
,,,
,,,
,,,
,,,
,,,
,,,
,,,
,,,
,,,
,,,
,,,
,,,
,,,
,,,
,,,
,,,
,,,
,,,
,,,
,,,
,,,
,,,
,,,
,,,
,,,
,,,
,,,
,,,
,,,
,,,
,,,
,,,
,,,
,,,
,,,
,,,
,,,
,,,
,,,
,,,
,,,
,,,
,,,
,,,
,,,
,,,
,,,
,,,
,,,
,,,
,,,
,,,
,,,
,,,
,,,
,,,
,,,
,,,
,,,
,,,
,,,
,,,
,,,
,,,
,,,
,,,
,,,
,,,
,,,
,,,
,,,
,,,
,,,
,,,
,,,
,,,
,,,
,,,
,,,
,,,
,,,
,,,
,,,
,,,
,,,
,,,
,,,
,,,
,,,
,,,
,,,
,,,
,,,
,,,
,,,
,,,
,,,
,,,
,,,
,,,
,,,
,,,
,,,
,,,
,,,
,,,
,,,
,,,
,,,
,,,
,,,
,,,
,,,
,,,
,,,
,,,
,,,
,,,
,,,
,,,
,,,
,,,
,,,
,,,
,,,
,,,
,,,
,,,
,,,
,,,
,,,
,,,
,,,
,,,
,,,
,,,
,,,
,,,
,,,
,,,
,,,
,,,
,,,
,,,
,,,
,,,
,,,
,,,
,,,
,,,
,,,
,,,
,,,
,,,
,,,
,,,
,,,
,,,
,,,
,,,
,,,
,,,
,,,
,,,
,,,
,,,
,,,
,,,
,,,
,,,
,,,
,,,
,,,
,,,
,,,
,,,
,,,
,,,
,,,
,,,
,,,
,,,
,,,
,,,
,,,
,,,
,,,
,,,
,,,
,,,
,,,
,,,
,,,
,,,
,,,
,,,
,,,
,,,
,,,
,,,
,,,
,,,
,,,
,,,
,,,
,,,
,,,
,,,
,,,
,,,
,,,
,,,
,,,
,,,
,,,
,,,
,,,
,,,
,,,
,,,
,,,
,,,
,,,
,,,
,,,
,,,
,,,
,,,
,,,
,,,
,,,
,,,
,,,
,,,
,,,
,,,
,,,
,,,
,,,
,,,
,,,
,,,
,,,
,,,
,,,
,,,
,,,
,,,
,,,
,,,
,,,
,,,
,,,
,,,
,,,
,,,
,,,
,,,
,,,
,,,
,,,
,,,
,,,
,,,
,,,
,,,
,,,
,,,
,,,
,,,
,,,
,,,
,,,
,,,
,,,
,,,
,,,
,,,
,,,
,,,
,,,
,,,
,,,
,,,
,,,
,,,
,,,
,,,
,,,
,,,
,,,
,,,
,,,
,,,
,,,
,,,
,,,
,,,
,,,
,,,
,,,
,,,
,,,
,,,
,,,
,,,
,,,
,,,
,,,
,,,
,,,
,,,
,,,
,,,
,,,
,,,
,,,
,,,
,,,
,,,
,,,
,,,
,,,
,,,
,,,
,,,
,,,
,,,
,,,
,,,
,,,
,,,
,,,
,,,
,,,
,,,
,,,
,,,
,,,
,,,
,,,
,,,
,,,
,,,
,,,
,,,
,,,
,,,
,,,
,,,
,,,
,,,
,,,
,,,
,,,
,,,
,,,
,,,
,,,
,,,
,,,
,,,
,,,
,,,
,,,
,,,
,,,
,,,
,,,
,,,
,,,
,,,
,,,
,,,
,,,
,,,
,,,
,,,
,,,
,,,
,,,
,,,
,,,
,,,
,,,
,,,
,,,
,,,
,,,
,,,
,,,
,,,
,,,
,,,
,,,
,,,
,,,
,,,
,,,
,,,
,,,
,,,
,,,
,,,
,,,
,,,
,,,
,,,
,,,
,,,
,,,
,,,
,,,
,,,
,,,
,,,
,,,
,,,
,,,
,,,
,,,
,,,
,,,
,,,
,,,
,,,
,,,
,,,
,,,
,,,
,,,
,,,
,,,
,,,
,,,
,,,
,,,
,,,
,,,
,,,
,,,
,,,
,,,
,,,
,,,
,,,
,,,
,,,
,,,
,,,
,,,
,,,
,,,
,,,
,,,
,,,
,,,
,,,
,,,
,,,
,,,
,,,
,,,
,,,
,,,
,,,
,,,
,,,
,,,
,,,
,,,
,,,
,,,
,,,
,,,
,,,
,,,
,,,
,,,
,,,
,,,
,,,
,,,
,,,
,,,
,,,
,,,
,,,
,,,
,,,
,,,
,,,
,,,
,,,
,,,
,,,
,,,
,,,
,,,
,,,
,,,
,,,
,,,
,,,
,,,
,,,
,,,
,,,
,,,
,,,
,,,
,,,
,,,
,,,
,,,
,,,
,,,
,,,
,,,
,,,
,,,
,,,
,,,
,,,
,,,
,,,
,,,
,,,
,,,
,,,
,,,
,,,
,,,
,,,
,,,
,,,
,,,
,,,
,,,
,,,
,,,
,,,
,,,
,,,
,,,
,,,
,,,
,,,
,,,
,,,
,,,
,,,
,,,
,,,
,,,
,,,
,,,
,,,
,,,
,,,
,,,
,,,
,,,
,,,
,,,
,,,
,,,
,,,
,,,
,,,
,,,
,,,
,,,
,,,
,,,
,,,
,,,
,,,
,,,
,,,
,,,
,,,
,,,
,,,
,,,
,,,
,,,
,,,
,,,
,,,
,,,
,,,
,,,
,,,
,,,
,,,
,,,
,,,
,,,
,,,
,,,
,,,
,,,
,,,
,,,
,,,
,,,
,,,
,,,
,,,
,,,
,,,
,,,
,,,
,,,
,,,
,,,
,,,
,,,
,,,
,,,
,,,
,,,
,,,
,,,
,,,
,,,
,,,
,,,
,,,
,,,
,,,
,,,
,,,
,,,
,,,
,,,
,,,
,,,
,,,
,,,
,,,
,,,
,,,
,,,
,,,
,,,
,,,
,,,
,,,
,,,
,,,
,,,
,,,
,,,
,,,
,,,
,,,
,,,
,,,
,,,
,,,
,,,
,,,
,,,
,,,
,,,
,,,
,,,
,,,
,,,
,,,
,,,
,,,
,,,
,,,
,,,
,,,
,,,
,,,
,,,
,,,
,,,
,,,
,,,
,,,
,,,
,,,
,,,
,,,
,,,
,,,
,,,
,,,
,,,
,,,
,,,
,,,
,,,
,,,
,,,
,,,
,,,
,,,
,,,
,,,
,,,
,,,
,,,
,,,
,,,
,,,
,,,
,,,
,,,
,,,
,,,
,,,
,,,
,,,
,,,
,,,
,,,
,,,
,,,
,,,
,,,
,,,
,,,
,,,
,,,
,,,
,,,
,,,
,,,
,,,
,,,
,,,
,,,
,,,
,,,
,,,
,,,
,,,
,,,
,,,
,,,
,,,
,,,
,,,
,,,
,,,
,,,
,,,
,,,
,,,
,,,
,,,
,,,
,,,
,,,
,,,
,,,
,,,
,,,
,,,
,,,
,,,
,,,
,,,
,,,
,,,
,,,
,,,
,,,
,,,
,,,
,,,
,,,
,,,
,,,
,,,
,,,
,,,
,,,
,,,
,,,
,,,
,,,
,,,
,,,
,,,
,,,
,,,
,,,
,,,
,,,
,,,
,,,
,,,
,,,
,,,
,,,
,,,
,,,
,,,
,,,
,,,
,,,
,,,
,,,
,,,
,,,
,,,
,,,
,,,
,,,
,,,
,,,
,,,
,,,
,,,
,,,
,,,
,,,
,,,
,,,
,,,
,,,
,,,
,,,
,,,
,,,
,,,
,,,
,,,
,,,
,,,
,,,
,,,
,,,
,,,
,,,
,,,
,,,
,,,
,,,
,,,
,,,
,,,
,,,
,,,
,,,
,,,
,,,
,,,
,,,
,,,
,,,
,,,
,,,
,,,
,,,
,,,
,,,
,,,
,,,
,,,
,,,
,,,
,,,
,,,
,,,
,,,
,,,
,,,
,,,
,,,
,,,
,,,
,,,
,,,
,,,
,,,
,,,
,,,
,,,
,,,
,,,
,,,
,,,
,,,
,,,
,,,
,,,
,,,
,,,
,,,
,,,
,,,
,,,
,,,
,,,
,,,
,,,
,,,
,,,
,,,
,,,
,,,
,,,
,,,
,,,
,,,
,,,
,,,
,,,
,,,
,,,
,,,
,,,
,,,
,,,
,,,
,,,
,,,
,,,
,,,
,,,
,,,
,,,
,,,
,,,
,,,
,,,
,,,
,,,
,,,
,,,
,,,
,,,
,,,
,,,
,,,
,,,
,,,
,,,
,,,
,,,
,,,
,,,
,,,
,,,
,,,
,,,
,,,
,,,
,,,
,,,
,,,
,,,
,,,
,,,
,,,
,,,
,,,
,,,
,,,
,,,
,,,
,,,
,,,
,,,
,,,
,,,
,,,
,,,
,,,
,,,
,,,
,,,
,,,
,,,
,,,
,,,
,,,
,,,
,,,
,,,
,,,
,,,
,,,
,,,
,,,
,,,
,,,
,,,
,,,
,,,
,,,
,,,
,,,
,,,
,,,
,,,
,,,
,,,
,,,
,,,
,,,
,,,
,,,
,,,
,,,
,,,
,,,
,,,
,,,
,,,
,,,
,,,
,,,
,,,
,,,
,,,
,,,
,,,
,,,
,,,
,,,
,,,
,,,
,,,
,,,
,,,
,,,
,,,
,,,
,,,
,,,
,,,
,,,
,,,
,,,
,,,
,,,
,,,
,,,
,,,
,,,
,,,
,,,
,,,
,,,
,,,
,,,
,,,
,,,
,,,
,,,
,,,
,,,
,,,
,,,
,,,
,,,
,,,
,,,
,,,
,,,
,,,
,,,
,,,
,,,
,,,
,,,
,,,
,,,
,,,
,,,
,,,
,,,
,,,
,,,
,,,
,,,
,,,
,,,
,,,
,,,
,,,
,,,
,,,
,,,
,,,
,,,
,,,
,,,
,,,
,,,
,,,
,,,
,,,
,,,
,,,
,,,
,,,
,,,
,,,
,,,
,,,
,,,
,,,
,,,
,,,
,,,
,,,
,,,
,,,
,,,
,,,
,,,
,,,
,,,
,,,
,,,
,,,
,,,
,,,
,,,
,,,
,,,
,,,
,,,
,,,
,,,
,,,
,,,
,,,
,,,
,,,
,,,
,,,
,,,
,,,
,,,
,,,
,,,
,,,
,,,
,,,
,,,
,,,
,,,
,,,
,,,
,,,
,,,
,,,
,,,
,,,
,,,
,,,
,,,
,,,
,,,
,,,
,,,
,,,
,,,
,,,
,,,
,,,
,,,
,,,
,,,
,,,
,,,
,,,
,,,
,,,
,,,
,,,
,,,
